,State,Year,Deaths,Population,Crude Rate,Age Adjusted Rate,rx_ill
0,Alabama,1999,37,4430141,0.84,0.8,RX
1,Alabama,2000,46,4447100,1.03,1.1,RX
2,Alabama,2001,66,4467634,1.48,1.5,RX
3,Alabama,2002,74,4480089,1.65,1.7,RX
4,Alabama,2003,53,4503491,1.18,1.2,RX
5,Alabama,2004,92,4530729,2.03,2.1,RX
6,Alabama,2005,82,4569805,1.79,1.8,RX
7,Alabama,2006,132,4628981,2.85,2.9,RX
8,Alabama,2007,169,4672840,3.62,3.7,RX
9,Alabama,2008,190,4718206,4.03,4.2,RX
10,Alabama,2009,200,4757938,4.2,4.3,RX
11,Alabama,2010,188,4779736,3.93,4.1,RX
12,Alabama,2011,169,4802740,3.52,3.6,RX
13,Alabama,2012,142,4822023,2.94,3.1,RX
14,Alabama,2013,142,4833722,2.94,3.0,RX
15,Alabama,2014,185,4849377,3.81,3.8,RX
16,Alabama,2015,202,4858979,4.16,4.3,RX
17,Alabama,2016,272,4863300,5.59,5.9,RX
18,Alabama,2017,359,4874747,7.36,7.6,RX
19,Alabama,2018,294,4887871,6.01,6.3,RX
20,Alabama,2019,352,4903185,7.18,7.5,RX
21,Alaska,1999,24,624779,3.84,3.6,RX
22,Alaska,2000,26,626932,4.15,3.9,RX
23,Alaska,2001,16,633714,2.52,Unreliable,RX
24,Alaska,2002,5,642337,0.78,Suppressed,RX
25,Alaska,2003,14,648414,2.16,Unreliable,RX
26,Alaska,2004,11,659286,1.67,Unreliable,RX
27,Alaska,2005,18,666946,2.7,Unreliable,RX
28,Alaska,2006,29,675302,4.29,4.1,RX
29,Alaska,2007,16,680300,2.35,Unreliable,RX
30,Alaska,2008,88,687455,12.8,12.8,RX
31,Alaska,2009,89,698895,12.73,12.3,RX
32,Alaska,2010,67,710231,9.43,9.5,RX
33,Alaska,2011,60,722718,8.3,8.0,RX
34,Alaska,2012,61,731449,8.34,8.3,RX
35,Alaska,2013,58,735132,7.89,7.7,RX
36,Alaska,2014,67,736732,9.09,9.3,RX
37,Alaska,2015,76,738432,10.29,9.9,RX
38,Alaska,2016,80,741894,10.78,10.7,RX
39,Alaska,2017,99,739795,13.38,13.4,RX
40,Alaska,2018,73,737438,9.9,9.5,RX
41,Alaska,2019,82,731545,11.21,10.8,RX
42,Arizona,1999,224,5023823,4.46,4.6,RX
43,Arizona,2000,238,5130632,4.64,4.9,RX
44,Arizona,2001,253,5273477,4.8,5.0,RX
45,Arizona,2002,315,5396255,5.84,6.1,RX
46,Arizona,2003,288,5510364,5.23,5.5,RX
47,Arizona,2004,321,5652404,5.68,5.9,RX
48,Arizona,2005,364,5839077,6.23,6.4,RX
49,Arizona,2006,429,6029141,7.12,7.3,RX
50,Arizona,2007,446,6167681,7.23,7.5,RX
51,Arizona,2008,460,6280362,7.32,7.5,RX
52,Arizona,2009,553,6343154,8.72,8.9,RX
53,Arizona,2010,571,6392017,8.93,9.0,RX
54,Arizona,2011,491,6482505,7.57,7.7,RX
55,Arizona,2012,475,6553255,7.25,7.4,RX
56,Arizona,2013,404,6626624,6.1,6.2,RX
57,Arizona,2014,435,6731484,6.46,6.3,RX
58,Arizona,2015,477,6828065,6.99,7.2,RX
59,Arizona,2016,544,6931071,7.85,7.9,RX
60,Arizona,2017,699,7016270,9.96,10.0,RX
61,Arizona,2018,862,7171646,12.02,12.3,RX
62,Arizona,2019,1106,7278717,15.19,15.7,RX
63,Arkansas,1999,27,2651860,1.02,1.1,RX
64,Arkansas,2000,17,2673400,0.64,Unreliable,RX
65,Arkansas,2001,30,2691571,1.11,1.1,RX
66,Arkansas,2002,94,2705927,3.47,3.7,RX
67,Arkansas,2003,98,2724816,3.6,3.8,RX
68,Arkansas,2004,133,2749686,4.84,5.0,RX
69,Arkansas,2005,126,2781097,4.53,4.7,RX
70,Arkansas,2006,149,2821761,5.28,5.5,RX
71,Arkansas,2007,155,2848650,5.44,5.6,RX
72,Arkansas,2008,208,2874554,7.24,7.6,RX
73,Arkansas,2009,221,2896843,7.63,8.0,RX
74,Arkansas,2010,194,2915918,6.65,7.0,RX
75,Arkansas,2011,172,2937979,5.85,6.2,RX
76,Arkansas,2012,176,2949131,5.97,6.2,RX
77,Arkansas,2013,174,2959373,5.88,5.9,RX
78,Arkansas,2014,173,2966369,5.83,6.2,RX
79,Arkansas,2015,202,2978204,6.78,7.2,RX
80,Arkansas,2016,167,2988248,5.59,5.8,RX
81,Arkansas,2017,193,3004279,6.42,6.6,RX
82,Arkansas,2018,204,3013825,6.77,7.2,RX
83,Arkansas,2019,196,3017804,6.49,6.9,RX
84,California,1999,1436,33499204,4.29,4.3,RX
85,California,2000,983,33871648,2.9,2.9,RX
86,California,2001,527,34479458,1.53,1.6,RX
87,California,2002,1422,34871843,4.08,4.1,RX
88,California,2003,1326,35253159,3.76,3.8,RX
89,California,2004,1361,35574576,3.83,3.8,RX
90,California,2005,1356,35827943,3.78,3.8,RX
91,California,2006,1449,36021202,4.02,4.0,RX
92,California,2007,1585,36250311,4.37,4.3,RX
93,California,2008,1708,36604337,4.67,4.5,RX
94,California,2009,1908,36961229,5.16,5.0,RX
95,California,2010,1852,37253956,4.97,4.8,RX
96,California,2011,1830,37691912,4.86,4.7,RX
97,California,2012,1593,38041430,4.19,4.0,RX
98,California,2013,1737,38332521,4.53,4.3,RX
99,California,2014,1724,38802500,4.44,4.2,RX
100,California,2015,1662,39144818,4.25,4.0,RX
101,California,2016,1687,39250017,4.3,4.0,RX
102,California,2017,1816,39536653,4.59,4.3,RX
103,California,2018,1983,39557045,5.01,4.8,RX
104,California,2019,2711,39512223,6.86,6.6,RX
105,Colorado,1999,136,4226018,3.22,3.1,RX
106,Colorado,2000,163,4301261,3.79,3.7,RX
107,Colorado,2001,193,4425687,4.36,4.2,RX
108,Colorado,2002,187,4490406,4.16,4.0,RX
109,Colorado,2003,211,4528732,4.66,4.5,RX
110,Colorado,2004,219,4575013,4.79,4.7,RX
111,Colorado,2005,272,4631888,5.87,5.7,RX
112,Colorado,2006,300,4720423,6.36,6.1,RX
113,Colorado,2007,332,4803868,6.91,6.6,RX
114,Colorado,2008,323,4889730,6.61,6.4,RX
115,Colorado,2009,346,4972195,6.96,6.7,RX
116,Colorado,2010,284,5029196,5.65,5.5,RX
117,Colorado,2011,349,5116796,6.82,6.7,RX
118,Colorado,2012,333,5187582,6.42,6.3,RX
119,Colorado,2013,339,5268367,6.43,6.2,RX
120,Colorado,2014,400,5355866,7.47,7.2,RX
121,Colorado,2015,368,5456574,6.74,6.4,RX
122,Colorado,2016,348,5540545,6.28,6.1,RX
123,Colorado,2017,413,5607154,7.37,7.1,RX
124,Colorado,2018,400,5695564,7.02,6.6,RX
125,Colorado,2019,489,5758736,8.49,8.2,RX
126,Connecticut,1999,63,3386401,1.86,1.9,RX
127,Connecticut,2000,64,3405565,1.88,1.9,RX
128,Connecticut,2001,65,3432835,1.89,1.9,RX
129,Connecticut,2002,88,3458749,2.54,2.6,RX
130,Connecticut,2003,67,3484336,1.92,2.0,RX
131,Connecticut,2004,105,3496094,3.0,3.0,RX
132,Connecticut,2005,99,3506956,2.82,2.8,RX
133,Connecticut,2006,152,3517460,4.32,4.2,RX
134,Connecticut,2007,137,3527270,3.88,3.9,RX
135,Connecticut,2008,129,3545579,3.64,3.5,RX
136,Connecticut,2009,124,3561807,3.48,3.4,RX
137,Connecticut,2010,154,3574097,4.31,4.2,RX
138,Connecticut,2011,128,3580709,3.57,3.5,RX
139,Connecticut,2012,110,3590347,3.06,3.1,RX
140,Connecticut,2013,244,3596080,6.79,6.6,RX
141,Connecticut,2014,288,3596677,8.01,8.1,RX
142,Connecticut,2015,435,3590886,12.11,11.9,RX
143,Connecticut,2016,686,3576452,19.18,19.6,RX
144,Connecticut,2017,853,3588184,23.77,24.8,RX
145,Connecticut,2018,898,3572665,25.14,26.0,RX
146,Connecticut,2019,1080,3565287,30.29,31.1,RX
147,Delaware,1999,19,774990,2.45,Unreliable,RX
148,Delaware,2000,31,783600,3.96,4.0,RX
149,Delaware,2001,33,795699,4.15,4.1,RX
150,Delaware,2002,42,806169,5.21,5.2,RX
151,Delaware,2003,40,818003,4.89,4.9,RX
152,Delaware,2004,32,830803,3.85,3.9,RX
153,Delaware,2005,28,845150,3.31,3.4,RX
154,Delaware,2006,36,859268,4.19,4.3,RX
155,Delaware,2007,44,871749,5.05,5.0,RX
156,Delaware,2008,59,883874,6.68,6.9,RX
157,Delaware,2009,85,891730,9.53,9.7,RX
158,Delaware,2010,102,897934,11.36,11.7,RX
159,Delaware,2011,102,907135,11.24,11.3,RX
160,Delaware,2012,66,917092,7.2,7.2,RX
161,Delaware,2013,81,925749,8.75,9.1,RX
162,Delaware,2014,86,935614,9.19,9.5,RX
163,Delaware,2015,85,945934,8.99,9.5,RX
164,Delaware,2016,126,952065,13.23,13.7,RX
165,Delaware,2017,234,961939,24.33,26.4,RX
166,Delaware,2018,342,967171,35.36,38.1,RX
167,Delaware,2019,383,973764,39.33,42.5,RX
168,District of Columbia,1999,5,570213,0.88,Suppressed,RX
169,District of Columbia,2000,36,572059,6.29,6.4,RX
170,District of Columbia,2001,48,574504,8.36,8.5,RX
171,District of Columbia,2002,26,573158,4.54,4.6,RX
172,District of Columbia,2003,57,568502,10.03,10.2,RX
173,District of Columbia,2004,45,567754,7.93,8.0,RX
174,District of Columbia,2005,42,567136,7.41,7.4,RX
175,District of Columbia,2006,59,570681,10.34,10.3,RX
176,District of Columbia,2007,26,574404,4.53,4.6,RX
177,District of Columbia,2008,28,580236,4.83,4.6,RX
178,District of Columbia,2009,10,592228,1.69,Unreliable,RX
179,District of Columbia,2010,22,601723,3.66,3.7,RX
180,District of Columbia,2011,38,617996,6.15,6.0,RX
181,District of Columbia,2012,26,632323,4.11,4.1,RX
182,District of Columbia,2013,28,646449,4.33,3.9,RX
183,District of Columbia,2014,38,658893,5.77,5.8,RX
184,District of Columbia,2015,53,672228,7.88,7.8,RX
185,District of Columbia,2016,169,681170,24.81,24.7,RX
186,District of Columbia,2017,219,693972,31.56,31.1,RX
187,District of Columbia,2018,182,702455,25.91,25.4,RX
188,District of Columbia,2019,235,705749,33.3,32.8,RX
189,Florida,1999,304,15759421,1.93,2.0,RX
190,Florida,2000,421,15982378,2.63,2.7,RX
191,Florida,2001,712,16356966,4.35,4.5,RX
192,Florida,2002,807,16689370,4.84,5.0,RX
193,Florida,2003,895,17004085,5.26,5.4,RX
194,Florida,2004,1135,17415318,6.52,6.7,RX
195,Florida,2005,1055,17842038,5.91,6.1,RX
196,Florida,2006,1249,18166990,6.88,7.0,RX
197,Florida,2007,1454,18367842,7.92,8.1,RX
198,Florida,2008,1435,18527305,7.75,7.9,RX
199,Florida,2009,1578,18652644,8.46,8.6,RX
200,Florida,2010,1698,18801310,9.03,9.2,RX
201,Florida,2011,1586,19057542,8.32,8.5,RX
202,Florida,2012,1295,19317568,6.7,6.7,RX
203,Florida,2013,1175,19552860,6.01,6.0,RX
204,Florida,2014,1200,19893297,6.03,6.1,RX
205,Florida,2015,1510,20271272,7.45,7.5,RX
206,Florida,2016,2534,20612439,12.29,13.0,RX
207,Florida,2017,3061,20984400,14.59,15.3,RX
208,Florida,2018,3062,21299325,14.38,15.1,RX
209,Florida,2019,3661,21477737,17.05,18.1,RX
210,Georgia,1999,82,8045965,1.02,1.0,RX
211,Georgia,2000,133,8186453,1.62,1.6,RX
212,Georgia,2001,195,8377038,2.33,2.3,RX
213,Georgia,2002,221,8508256,2.6,2.5,RX
214,Georgia,2003,243,8622793,2.82,2.8,RX
215,Georgia,2004,265,8769252,3.02,3.0,RX
216,Georgia,2005,309,8925922,3.46,3.4,RX
217,Georgia,2006,341,9155813,3.72,3.7,RX
218,Georgia,2007,395,9349988,4.22,4.1,RX
219,Georgia,2008,397,9504843,4.18,4.1,RX
220,Georgia,2009,486,9620846,5.05,5.0,RX
221,Georgia,2010,541,9687653,5.58,5.5,RX
222,Georgia,2011,523,9815210,5.33,5.3,RX
223,Georgia,2012,514,9919945,5.18,5.1,RX
224,Georgia,2013,480,9992167,4.8,4.8,RX
225,Georgia,2014,626,10097343,6.2,6.1,RX
226,Georgia,2015,746,10214860,7.3,7.2,RX
227,Georgia,2016,776,10310371,7.53,7.4,RX
228,Georgia,2017,922,10429379,8.84,8.8,RX
229,Georgia,2018,743,10519475,7.06,7.0,RX
230,Georgia,2019,760,10617423,7.16,7.1,RX
231,Hawaii,1999,30,1210300,2.48,2.4,RX
232,Hawaii,2000,29,1211537,2.39,2.3,RX
233,Hawaii,2001,36,1225948,2.94,2.9,RX
234,Hawaii,2002,46,1239613,3.71,3.7,RX
235,Hawaii,2003,42,1251154,3.36,3.3,RX
236,Hawaii,2004,59,1273569,4.63,4.5,RX
237,Hawaii,2005,68,1292729,5.26,5.1,RX
238,Hawaii,2006,62,1309731,4.73,4.6,RX
239,Hawaii,2007,77,1315675,5.85,5.6,RX
240,Hawaii,2008,55,1332213,4.13,4.0,RX
241,Hawaii,2009,58,1346717,4.31,4.1,RX
242,Hawaii,2010,75,1360301,5.51,5.3,RX
243,Hawaii,2011,74,1374810,5.38,5.1,RX
244,Hawaii,2012,61,1392313,4.38,4.4,RX
245,Hawaii,2013,64,1404054,4.56,4.3,RX
246,Hawaii,2014,52,1419561,3.66,3.4,RX
247,Hawaii,2015,54,1431603,3.77,3.6,RX
248,Hawaii,2016,67,1428557,4.69,4.4,RX
249,Hawaii,2017,49,1427538,3.43,3.1,RX
250,Hawaii,2018,47,1420491,3.31,3.3,RX
251,Hawaii,2019,42,1415872,2.97,2.7,RX
252,Idaho,1999,28,1275674,2.19,2.3,RX
253,Idaho,2000,26,1293953,2.01,2.1,RX
254,Idaho,2001,46,1319962,3.48,3.7,RX
255,Idaho,2002,41,1340372,3.06,3.2,RX
256,Idaho,2003,53,1363380,3.89,4.1,RX
257,Idaho,2004,43,1391802,3.09,3.3,RX
258,Idaho,2005,50,1428241,3.5,3.7,RX
259,Idaho,2006,65,1468669,4.43,4.7,RX
260,Idaho,2007,61,1505105,4.05,4.2,RX
261,Idaho,2008,73,1534320,4.76,4.9,RX
262,Idaho,2009,65,1554439,4.18,4.4,RX
263,Idaho,2010,80,1567582,5.1,5.3,RX
264,Idaho,2011,78,1584985,4.92,5.2,RX
265,Idaho,2012,60,1595728,3.76,4.0,RX
266,Idaho,2013,77,1612136,4.78,4.8,RX
267,Idaho,2014,71,1634464,4.34,4.6,RX
268,Idaho,2015,77,1654930,4.65,5.1,RX
269,Idaho,2016,102,1683140,6.06,6.3,RX
270,Idaho,2017,88,1716943,5.13,5.3,RX
271,Idaho,2018,103,1754208,5.87,5.9,RX
272,Idaho,2019,113,1787065,6.32,6.4,RX
273,Illinois,1999,521,12359020,4.22,4.2,RX
274,Illinois,2000,605,12419293,4.87,4.9,RX
275,Illinois,2001,555,12488445,4.44,4.5,RX
276,Illinois,2002,592,12525556,4.73,4.7,RX
277,Illinois,2003,495,12556006,3.94,4.0,RX
278,Illinois,2004,553,12589773,4.39,4.4,RX
279,Illinois,2005,607,12609903,4.81,4.8,RX
280,Illinois,2006,882,12643955,6.98,7.0,RX
281,Illinois,2007,683,12695866,5.38,5.4,RX
282,Illinois,2008,805,12747038,6.32,6.3,RX
283,Illinois,2009,839,12796778,6.56,6.6,RX
284,Illinois,2010,814,12830632,6.34,6.4,RX
285,Illinois,2011,815,12869257,6.33,6.4,RX
286,Illinois,2012,981,12875255,7.62,7.6,RX
287,Illinois,2013,616,12882135,4.78,4.7,RX
288,Illinois,2014,595,12880580,4.62,4.6,RX
289,Illinois,2015,727,12859995,5.65,5.5,RX
290,Illinois,2016,1406,12801539,10.98,11.0,RX
291,Illinois,2017,1745,12802023,13.63,13.6,RX
292,Illinois,2018,1939,12741080,15.22,15.2,RX
293,Illinois,2019,2078,12671821,16.4,16.4,RX
294,Indiana,1999,45,6044969,0.74,0.8,RX
295,Indiana,2000,44,6080485,0.72,0.7,RX
296,Indiana,2001,69,6127760,1.13,1.1,RX
297,Indiana,2002,73,6155967,1.19,1.2,RX
298,Indiana,2003,134,6196638,2.16,2.2,RX
299,Indiana,2004,143,6233007,2.29,2.3,RX
300,Indiana,2005,156,6278616,2.48,2.5,RX
301,Indiana,2006,183,6332669,2.89,2.9,RX
302,Indiana,2007,236,6379599,3.7,3.8,RX
303,Indiana,2008,273,6424806,4.25,4.4,RX
304,Indiana,2009,291,6459325,4.51,4.5,RX
305,Indiana,2010,258,6483802,3.98,4.0,RX
306,Indiana,2011,314,6516922,4.82,4.9,RX
307,Indiana,2012,287,6537334,4.39,4.5,RX
308,Indiana,2013,238,6570902,3.62,3.7,RX
309,Indiana,2014,337,6596855,5.11,5.3,RX
310,Indiana,2015,380,6619680,5.74,5.9,RX
311,Indiana,2016,606,6633053,9.14,9.6,RX
312,Indiana,2017,1056,6666818,15.84,16.8,RX
313,Indiana,2018,1015,6691878,15.17,16.0,RX
314,Indiana,2019,1215,6732219,18.05,19.4,RX
315,Iowa,1999,13,2917634,0.45,Unreliable,RX
316,Iowa,2000,16,2926324,0.55,Unreliable,RX
317,Iowa,2001,25,2931997,0.85,0.9,RX
318,Iowa,2002,38,2934234,1.3,1.3,RX
319,Iowa,2003,42,2941999,1.43,1.5,RX
320,Iowa,2004,61,2953635,2.07,2.1,RX
321,Iowa,2005,70,2964454,2.36,2.5,RX
322,Iowa,2006,98,2982644,3.29,3.4,RX
323,Iowa,2007,109,2999212,3.63,3.7,RX
324,Iowa,2008,129,3016734,4.28,4.5,RX
325,Iowa,2009,140,3032870,4.62,4.9,RX
326,Iowa,2010,158,3046355,5.19,5.5,RX
327,Iowa,2011,169,3062309,5.52,5.8,RX
328,Iowa,2012,174,3074186,5.66,6.0,RX
329,Iowa,2013,165,3090416,5.34,5.6,RX
330,Iowa,2014,142,3107126,4.57,4.7,RX
331,Iowa,2015,148,3123899,4.74,4.9,RX
332,Iowa,2016,157,3134693,5.01,5.3,RX
333,Iowa,2017,182,3145711,5.79,6.1,RX
334,Iowa,2018,136,3156145,4.31,4.6,RX
335,Iowa,2019,163,3155070,5.17,5.4,RX
336,Kansas,1999,24,2678338,0.9,0.9,RX
337,Kansas,2000,23,2688418,0.86,0.9,RX
338,Kansas,2001,47,2702162,1.74,1.8,RX
339,Kansas,2002,87,2713535,3.21,3.3,RX
340,Kansas,2003,77,2723004,2.83,3.0,RX
341,Kansas,2004,117,2734373,4.28,4.5,RX
342,Kansas,2005,111,2745299,4.04,4.3,RX
343,Kansas,2006,126,2762931,4.56,4.7,RX
344,Kansas,2007,127,2783785,4.56,4.7,RX
345,Kansas,2008,96,2808076,3.42,3.4,RX
346,Kansas,2009,151,2832704,5.33,5.6,RX
347,Kansas,2010,104,2853118,3.65,3.8,RX
348,Kansas,2011,126,2871238,4.39,4.5,RX
349,Kansas,2012,168,2885905,5.82,6.1,RX
350,Kansas,2013,159,2893957,5.49,5.8,RX
351,Kansas,2014,169,2904021,5.82,5.9,RX
352,Kansas,2015,149,2911641,5.12,5.3,RX
353,Kansas,2016,135,2907289,4.64,4.6,RX
354,Kansas,2017,139,2913123,4.77,4.9,RX
355,Kansas,2018,137,2911505,4.71,4.8,RX
356,Kansas,2019,163,2913314,5.6,5.8,RX
357,Kentucky,1999,56,4018053,1.39,1.4,RX
358,Kentucky,2000,94,4041769,2.33,2.3,RX
359,Kentucky,2001,148,4068132,3.64,3.6,RX
360,Kentucky,2002,182,4089875,4.45,4.5,RX
361,Kentucky,2003,240,4117170,5.83,5.9,RX
362,Kentucky,2004,237,4146101,5.72,5.7,RX
363,Kentucky,2005,294,4182742,7.03,7.0,RX
364,Kentucky,2006,340,4219239,8.06,8.2,RX
365,Kentucky,2007,354,4256672,8.32,8.4,RX
366,Kentucky,2008,367,4289878,8.56,8.7,RX
367,Kentucky,2009,434,4317074,10.05,10.2,RX
368,Kentucky,2010,591,4339367,13.62,14.0,RX
369,Kentucky,2011,664,4369356,15.2,15.6,RX
370,Kentucky,2012,604,4380415,13.79,13.8,RX
371,Kentucky,2013,537,4395295,12.22,12.4,RX
372,Kentucky,2014,597,4413457,13.53,13.7,RX
373,Kentucky,2015,706,4425092,15.95,16.7,RX
374,Kentucky,2016,851,4436974,19.18,20.2,RX
375,Kentucky,2017,1092,4454189,24.52,26.2,RX
376,Kentucky,2018,973,4468402,21.78,23.0,RX
377,Kentucky,2019,1039,4467673,23.26,24.6,RX
378,Louisiana,1999,29,4460811,0.65,0.7,RX
379,Louisiana,2000,52,4468976,1.16,1.2,RX
380,Louisiana,2001,85,4477875,1.9,1.9,RX
381,Louisiana,2002,104,4497267,2.31,2.4,RX
382,Louisiana,2003,125,4521042,2.76,2.8,RX
383,Louisiana,2004,157,4552238,3.45,3.5,RX
384,Louisiana,2005,179,4576628,3.91,3.9,RX
385,Louisiana,2006,190,4302665,4.42,4.5,RX
386,Louisiana,2007,224,4375581,5.12,5.2,RX
387,Louisiana,2008,129,4435586,2.91,2.9,RX
388,Louisiana,2009,122,4491648,2.72,2.8,RX
389,Louisiana,2010,115,4533372,2.54,2.6,RX
390,Louisiana,2011,105,4574836,2.3,2.2,RX
391,Louisiana,2012,139,4601893,3.02,3.0,RX
392,Louisiana,2013,167,4625470,3.61,3.7,RX
393,Louisiana,2014,172,4649676,3.7,3.7,RX
394,Louisiana,2015,193,4670724,4.13,4.2,RX
395,Louisiana,2016,248,4681666,5.3,5.4,RX
396,Louisiana,2017,318,4684333,6.79,7.1,RX
397,Louisiana,2018,352,4659978,7.55,7.8,RX
398,Louisiana,2019,484,4648794,10.41,10.8,RX
399,Maine,1999,31,1266808,2.45,2.4,RX
400,Maine,2000,41,1274923,3.22,3.2,RX
401,Maine,2001,61,1285692,4.74,4.7,RX
402,Maine,2002,98,1295960,7.56,7.8,RX
403,Maine,2003,91,1306513,6.97,7.0,RX
404,Maine,2004,105,1313688,7.99,8.2,RX
405,Maine,2005,123,1318787,9.33,9.5,RX
406,Maine,2006,95,1323619,7.18,7.4,RX
407,Maine,2007,105,1327040,7.91,8.3,RX
408,Maine,2008,104,1330509,7.82,8.0,RX
409,Maine,2009,118,1329590,8.87,9.0,RX
410,Maine,2010,91,1328361,6.85,7.2,RX
411,Maine,2011,94,1328188,7.08,7.4,RX
412,Maine,2012,100,1329192,7.52,7.8,RX
413,Maine,2013,119,1328302,8.96,9.1,RX
414,Maine,2014,154,1330089,11.58,12.3,RX
415,Maine,2015,215,1329328,16.17,17.3,RX
416,Maine,2016,292,1331479,21.93,24.4,RX
417,Maine,2017,345,1335907,25.83,28.6,RX
418,Maine,2018,280,1338404,20.92,23.2,RX
419,Maine,2019,322,1344212,23.95,26.3,RX
420,Maryland,1999,496,5254509,9.44,9.0,RX
421,Maryland,2000,493,5296486,9.31,8.9,RX
422,Maryland,2001,495,5374691,9.21,8.9,RX
423,Maryland,2002,535,5440389,9.83,9.5,RX
424,Maryland,2003,539,5496269,9.81,9.5,RX
425,Maryland,2004,439,5546935,7.91,7.7,RX
426,Maryland,2005,440,5592379,7.87,7.7,RX
427,Maryland,2006,504,5627367,8.96,8.7,RX
428,Maryland,2007,515,5653408,9.11,8.8,RX
429,Maryland,2008,444,5684965,7.81,7.6,RX
430,Maryland,2009,475,5730388,8.29,7.9,RX
431,Maryland,2010,449,5773552,7.78,7.6,RX
432,Maryland,2011,485,5828289,8.32,8.1,RX
433,Maryland,2012,546,5884563,9.28,8.9,RX
434,Maryland,2013,596,5928814,10.05,9.7,RX
435,Maryland,2014,708,5976407,11.85,11.5,RX
436,Maryland,2015,842,6006401,14.02,13.7,RX
437,Maryland,2016,1604,6016447,26.66,26.0,RX
438,Maryland,2017,1898,6052177,31.36,30.7,RX
439,Maryland,2018,2083,6042718,34.47,33.6,RX
440,Maryland,2019,2127,6045680,35.18,34.4,RX
441,Massachusetts,1999,328,6317345,5.19,5.0,RX
442,Massachusetts,2000,312,6349097,4.91,4.8,RX
443,Massachusetts,2001,501,6397634,7.83,7.7,RX
444,Massachusetts,2002,476,6417206,7.42,7.3,RX
445,Massachusetts,2003,574,6422565,8.94,8.8,RX
446,Massachusetts,2004,453,6412281,7.06,7.0,RX
447,Massachusetts,2005,561,6403290,8.76,8.6,RX
448,Massachusetts,2006,639,6410084,9.97,9.8,RX
449,Massachusetts,2007,597,6431559,9.28,9.1,RX
450,Massachusetts,2008,560,6468967,8.66,8.5,RX
451,Massachusetts,2009,605,6517613,9.28,9.1,RX
452,Massachusetts,2010,518,6547629,7.91,7.8,RX
453,Massachusetts,2011,565,6587536,8.58,8.5,RX
454,Massachusetts,2012,537,6646144,8.08,8.0,RX
455,Massachusetts,2013,732,6692824,10.94,10.9,RX
456,Massachusetts,2014,969,6745408,14.37,14.4,RX
457,Massachusetts,2015,1379,6794422,20.3,20.7,RX
458,Massachusetts,2016,1885,6811779,27.67,28.2,RX
459,Massachusetts,2017,1862,6859819,27.14,27.4,RX
460,Massachusetts,2018,1974,6902149,28.6,29.1,RX
461,Massachusetts,2019,1981,6892503,28.74,29.1,RX
462,Michigan,1999,93,9897116,0.94,0.9,RX
463,Michigan,2000,98,9938444,0.99,1.0,RX
464,Michigan,2001,127,9991120,1.27,1.3,RX
465,Michigan,2002,175,10015710,1.75,1.8,RX
466,Michigan,2003,200,10041152,1.99,2.0,RX
467,Michigan,2004,283,10055315,2.81,2.8,RX
468,Michigan,2005,372,10051137,3.7,3.7,RX
469,Michigan,2006,533,10036081,5.31,5.3,RX
470,Michigan,2007,417,10001284,4.17,4.2,RX
471,Michigan,2008,454,9946889,4.56,4.5,RX
472,Michigan,2009,510,9901591,5.15,5.2,RX
473,Michigan,2010,529,9883640,5.35,5.4,RX
474,Michigan,2011,509,9876187,5.15,5.3,RX
475,Michigan,2012,476,9883360,4.82,4.8,RX
476,Michigan,2013,550,9895622,5.56,5.5,RX
477,Michigan,2014,637,9909877,6.43,6.5,RX
478,Michigan,2015,934,9922576,9.41,9.6,RX
479,Michigan,2016,1468,9928300,14.79,15.5,RX
480,Michigan,2017,1842,9962311,18.49,19.2,RX
481,Michigan,2018,1916,9995915,19.17,19.8,RX
482,Michigan,2019,1748,9986857,17.5,18.1,RX
483,Minnesota,1999,66,4873481,1.35,1.3,RX
484,Minnesota,2000,67,4919479,1.36,1.3,RX
485,Minnesota,2001,107,4982796,2.15,2.1,RX
486,Minnesota,2002,109,5018935,2.17,2.2,RX
487,Minnesota,2003,121,5053572,2.39,2.4,RX
488,Minnesota,2004,149,5087713,2.93,2.9,RX
489,Minnesota,2005,160,5119598,3.13,3.1,RX
490,Minnesota,2006,186,5163555,3.6,3.6,RX
491,Minnesota,2007,184,5207203,3.53,3.5,RX
492,Minnesota,2008,228,5247018,4.35,4.3,RX
493,Minnesota,2009,264,5281203,5.0,5.0,RX
494,Minnesota,2010,227,5303925,4.28,4.2,RX
495,Minnesota,2011,253,5344861,4.73,4.7,RX
496,Minnesota,2012,260,5379139,4.83,4.7,RX
497,Minnesota,2013,232,5420380,4.28,4.2,RX
498,Minnesota,2014,239,5457173,4.38,4.5,RX
499,Minnesota,2015,249,5489594,4.54,4.5,RX
500,Minnesota,2016,292,5519952,5.29,5.4,RX
501,Minnesota,2017,373,5576606,6.69,6.9,RX
502,Minnesota,2018,318,5611179,5.67,5.8,RX
503,Minnesota,2019,413,5639632,7.32,7.5,RX
504,Mississippi,1999,16,2828408,0.57,Unreliable,RX
505,Mississippi,2000,10,2844658,0.35,Unreliable,RX
506,Mississippi,2001,26,2852994,0.91,0.9,RX
507,Mississippi,2002,27,2858681,0.94,1.0,RX
508,Mississippi,2003,30,2868312,1.05,1.1,RX
509,Mississippi,2004,26,2889010,0.9,1.0,RX
510,Mississippi,2005,42,2905943,1.45,1.5,RX
511,Mississippi,2006,68,2904978,2.34,2.4,RX
512,Mississippi,2007,97,2928350,3.31,3.4,RX
513,Mississippi,2008,104,2947806,3.53,3.6,RX
514,Mississippi,2009,94,2958774,3.18,3.3,RX
515,Mississippi,2010,105,2967297,3.54,3.4,RX
516,Mississippi,2011,83,2978512,2.79,3.0,RX
517,Mississippi,2012,104,2984926,3.48,3.7,RX
518,Mississippi,2013,94,2991207,3.14,3.2,RX
519,Mississippi,2014,100,2994079,3.34,3.4,RX
520,Mississippi,2015,128,2992333,4.28,4.5,RX
521,Mississippi,2016,157,2988726,5.25,5.3,RX
522,Mississippi,2017,174,2984100,5.83,6.0,RX
523,Mississippi,2018,154,2986530,5.16,5.4,RX
524,Mississippi,2019,215,2976149,7.22,7.4,RX
525,Missouri,1999,63,5561948,1.13,1.1,RX
526,Missouri,2000,93,5595211,1.66,1.7,RX
527,Missouri,2001,116,5641142,2.06,2.1,RX
528,Missouri,2002,145,5674825,2.56,2.6,RX
529,Missouri,2003,248,5709403,4.34,4.4,RX
530,Missouri,2004,233,5747741,4.05,4.2,RX
531,Missouri,2005,264,5790300,4.56,4.6,RX
532,Missouri,2006,377,5842704,6.45,6.6,RX
533,Missouri,2007,344,5887612,5.84,5.9,RX
534,Missouri,2008,385,5923916,6.5,6.6,RX
535,Missouri,2009,400,5961088,6.71,6.7,RX
536,Missouri,2010,448,5988927,7.48,7.6,RX
537,Missouri,2011,407,6010688,6.77,6.9,RX
538,Missouri,2012,355,6021988,5.9,6.1,RX
539,Missouri,2013,413,6044171,6.83,7.0,RX
540,Missouri,2014,438,6063589,7.22,7.4,RX
541,Missouri,2015,494,6083672,8.12,8.3,RX
542,Missouri,2016,709,6093000,11.64,12.2,RX
543,Missouri,2017,861,6113532,14.08,14.9,RX
544,Missouri,2018,1108,6126452,18.09,19.3,RX
545,Missouri,2019,1087,6137428,17.71,18.7,RX
546,Montana,1999,13,897507,1.45,Unreliable,RX
547,Montana,2000,11,902195,1.22,Unreliable,RX
548,Montana,2001,20,906961,2.21,2.3,RX
549,Montana,2002,20,911667,2.19,2.2,RX
550,Montana,2003,45,919630,4.89,5.0,RX
551,Montana,2004,44,930009,4.73,4.8,RX
552,Montana,2005,47,940102,5.0,4.9,RX
553,Montana,2006,52,952692,5.46,5.8,RX
554,Montana,2007,61,964706,6.32,6.2,RX
555,Montana,2008,67,976415,6.86,7.3,RX
556,Montana,2009,94,983982,9.55,9.9,RX
557,Montana,2010,55,989415,5.56,6.2,RX
558,Montana,2011,62,998199,6.21,6.7,RX
559,Montana,2012,51,1005141,5.07,5.2,RX
560,Montana,2013,64,1015165,6.3,6.9,RX
561,Montana,2014,52,1023579,5.08,5.3,RX
562,Montana,2015,45,1032949,4.36,4.7,RX
563,Montana,2016,38,1042520,3.65,3.7,RX
564,Montana,2017,33,1050493,3.14,3.2,RX
565,Montana,2018,47,1062305,4.42,4.3,RX
566,Montana,2019,53,1068778,4.96,5.2,RX
567,Nebraska,1999,5,1704764,0.29,Suppressed,RX
568,Nebraska,2000,15,1711263,0.88,Unreliable,RX
569,Nebraska,2001,29,1719836,1.69,1.7,RX
570,Nebraska,2002,23,1728292,1.33,1.4,RX
571,Nebraska,2003,14,1738643,0.81,Unreliable,RX
572,Nebraska,2004,25,1749370,1.43,1.5,RX
573,Nebraska,2005,43,1761497,2.44,2.5,RX
574,Nebraska,2006,32,1772693,1.81,1.8,RX
575,Nebraska,2007,41,1783440,2.3,2.5,RX
576,Nebraska,2008,30,1796378,1.67,1.7,RX
577,Nebraska,2009,66,1812683,3.64,3.8,RX
578,Nebraska,2010,61,1826341,3.34,3.6,RX
579,Nebraska,2011,53,1842641,2.88,2.8,RX
580,Nebraska,2012,58,1855525,3.13,3.3,RX
581,Nebraska,2013,41,1868516,2.19,2.2,RX
582,Nebraska,2014,57,1881503,3.03,3.2,RX
583,Nebraska,2015,55,1896190,2.9,3.1,RX
584,Nebraska,2016,43,1907116,2.25,2.3,RX
585,Nebraska,2017,57,1920076,2.97,3.0,RX
586,Nebraska,2018,60,1929268,3.11,3.2,RX
587,Nebraska,2019,64,1934408,3.31,3.3,RX
588,Nevada,1999,138,1934718,7.13,7.0,RX
589,Nevada,2000,166,1998257,8.31,8.2,RX
590,Nevada,2001,188,2098399,8.96,8.8,RX
591,Nevada,2002,243,2173791,11.18,11.0,RX
592,Nevada,2003,262,2248850,11.65,11.6,RX
593,Nevada,2004,307,2346222,13.08,13.0,RX
594,Nevada,2005,334,2432143,13.73,13.6,RX
595,Nevada,2006,349,2522658,13.83,13.6,RX
596,Nevada,2007,376,2601072,14.46,14.2,RX
597,Nevada,2008,411,2653630,15.49,15.2,RX
598,Nevada,2009,483,2684665,17.99,17.5,RX
599,Nevada,2010,507,2700551,18.77,18.1,RX
600,Nevada,2011,500,2723322,18.36,17.8,RX
601,Nevada,2012,461,2758931,16.71,16.0,RX
602,Nevada,2013,398,2790136,14.26,13.6,RX
603,Nevada,2014,360,2839099,12.68,12.1,RX
604,Nevada,2015,404,2890845,13.98,13.3,RX
605,Nevada,2016,374,2940058,12.72,12.0,RX
606,Nevada,2017,369,2998039,12.31,11.7,RX
607,Nevada,2018,317,3034392,10.45,9.7,RX
608,Nevada,2019,299,3080156,9.71,9.2,RX
609,New Hampshire,1999,40,1222014,3.27,3.2,RX
610,New Hampshire,2000,29,1235786,2.35,2.2,RX
611,New Hampshire,2001,52,1255517,4.14,4.0,RX
612,New Hampshire,2002,82,1269089,6.46,6.4,RX
613,New Hampshire,2003,99,1279840,7.74,7.5,RX
614,New Hampshire,2004,86,1290121,6.67,6.7,RX
615,New Hampshire,2005,108,1298492,8.32,8.1,RX
616,New Hampshire,2006,106,1308389,8.1,8.1,RX
617,New Hampshire,2007,139,1312540,10.59,10.3,RX
618,New Hampshire,2008,84,1315906,6.38,6.1,RX
619,New Hampshire,2009,106,1316102,8.05,7.9,RX
620,New Hampshire,2010,109,1316470,8.28,8.2,RX
621,New Hampshire,2011,124,1318194,9.41,9.0,RX
622,New Hampshire,2012,99,1320718,7.5,7.5,RX
623,New Hampshire,2013,103,1323459,7.78,7.3,RX
624,New Hampshire,2014,245,1326813,18.47,19.2,RX
625,New Hampshire,2015,350,1330608,26.3,28.8,RX
626,New Hampshire,2016,436,1334795,32.66,35.6,RX
627,New Hampshire,2017,423,1342795,31.5,33.8,RX
628,New Hampshire,2018,417,1356458,30.74,33.3,RX
629,New Hampshire,2019,373,1359711,27.43,29.8,RX
630,New Jersey,1999,190,8359592,2.27,2.2,RX
631,New Jersey,2000,171,8414350,2.03,2.0,RX
632,New Jersey,2001,234,8492671,2.76,2.7,RX
633,New Jersey,2002,281,8552643,3.29,3.2,RX
634,New Jersey,2003,274,8601402,3.19,3.2,RX
635,New Jersey,2004,217,8634561,2.51,2.5,RX
636,New Jersey,2005,304,8651974,3.51,3.5,RX
637,New Jersey,2006,293,8661679,3.38,3.4,RX
638,New Jersey,2007,263,8677885,3.03,3.0,RX
639,New Jersey,2008,246,8711090,2.82,2.8,RX
640,New Jersey,2009,40,8755602,0.46,0.5,RX
641,New Jersey,2010,295,8791894,3.36,3.3,RX
642,New Jersey,2011,370,8821155,4.19,4.2,RX
643,New Jersey,2012,358,8864590,4.04,3.9,RX
644,New Jersey,2013,390,8899339,4.38,4.3,RX
645,New Jersey,2014,416,8938175,4.65,4.6,RX
646,New Jersey,2015,542,8958013,6.05,6.0,RX
647,New Jersey,2016,1069,8944469,11.95,12.0,RX
648,New Jersey,2017,1713,9005644,19.02,19.1,RX
649,New Jersey,2018,2490,8908520,27.95,28.6,RX
650,New Jersey,2019,2471,8882190,27.82,28.0,RX
651,New Mexico,1999,172,1808082,9.51,9.7,RX
652,New Mexico,2000,153,1819046,8.41,8.5,RX
653,New Mexico,2001,133,1831690,7.26,7.4,RX
654,New Mexico,2002,184,1855309,9.92,10.3,RX
655,New Mexico,2003,205,1877574,10.92,11.3,RX
656,New Mexico,2004,160,1903808,8.4,8.6,RX
657,New Mexico,2005,177,1932274,9.16,9.5,RX
658,New Mexico,2006,233,1962137,11.87,12.0,RX
659,New Mexico,2007,245,1990070,12.31,12.4,RX
660,New Mexico,2008,281,2010662,13.98,14.4,RX
661,New Mexico,2009,171,2036802,8.4,8.7,RX
662,New Mexico,2010,187,2059179,9.08,9.3,RX
663,New Mexico,2011,200,2082224,9.61,9.8,RX
664,New Mexico,2012,253,2085538,12.13,12.6,RX
665,New Mexico,2013,282,2085287,13.52,13.7,RX
666,New Mexico,2014,313,2085572,15.01,15.6,RX
667,New Mexico,2015,244,2085109,11.7,12.2,RX
668,New Mexico,2016,261,2081015,12.54,12.8,RX
669,New Mexico,2017,259,2088070,12.4,12.9,RX
670,New Mexico,2018,273,2095428,13.03,13.3,RX
671,New Mexico,2019,302,2096829,14.4,15.2,RX
672,New York,1999,623,18882725,3.3,3.3,RX
673,New York,2000,496,18976457,2.61,2.6,RX
674,New York,2001,597,19082838,3.13,3.1,RX
675,New York,2002,538,19137800,2.81,2.8,RX
676,New York,2003,567,19175939,2.96,2.9,RX
677,New York,2004,484,19171567,2.52,2.5,RX
678,New York,2005,549,19132610,2.87,2.8,RX
679,New York,2006,965,19104631,5.05,4.9,RX
680,New York,2007,909,19132335,4.75,4.6,RX
681,New York,2008,1012,19212436,5.27,5.1,RX
682,New York,2009,911,19307066,4.72,4.6,RX
683,New York,2010,972,19378102,5.02,4.9,RX
684,New York,2011,1155,19465197,5.93,5.7,RX
685,New York,2012,1189,19570261,6.08,5.9,RX
686,New York,2013,1192,19651127,6.07,5.8,RX
687,New York,2014,1163,19746227,5.89,5.7,RX
688,New York,2015,1560,19795791,7.88,7.7,RX
689,New York,2016,2540,19745289,12.86,12.7,RX
690,New York,2017,2936,19849399,14.79,14.6,RX
691,New York,2018,2825,19542209,14.46,14.3,RX
692,New York,2019,2848,19453561,14.64,14.4,RX
693,North Carolina,1999,132,7949361,1.66,1.6,RX
694,North Carolina,2000,257,8049313,3.19,3.2,RX
695,North Carolina,2001,304,8210122,3.7,3.6,RX
696,North Carolina,2002,370,8326201,4.44,4.4,RX
697,North Carolina,2003,462,8422501,5.49,5.4,RX
698,North Carolina,2004,531,8553152,6.21,6.2,RX
699,North Carolina,2005,606,8705407,6.96,6.9,RX
700,North Carolina,2006,658,8917270,7.38,7.4,RX
701,North Carolina,2007,711,9118037,7.8,7.8,RX
702,North Carolina,2008,799,9309449,8.58,8.6,RX
703,North Carolina,2009,799,9449566,8.46,8.5,RX
704,North Carolina,2010,751,9535483,7.88,7.8,RX
705,North Carolina,2011,761,9656401,7.88,7.9,RX
706,North Carolina,2012,698,9752073,7.16,7.2,RX
707,North Carolina,2013,668,9848060,6.78,6.9,RX
708,North Carolina,2014,785,9943964,7.89,8.1,RX
709,North Carolina,2015,919,10042802,9.15,9.3,RX
710,North Carolina,2016,1227,10146788,12.09,12.5,RX
711,North Carolina,2017,1761,10273419,17.14,17.8,RX
712,North Carolina,2018,1645,10383620,15.84,16.5,RX
713,North Carolina,2019,1667,10488084,15.89,16.6,RX
714,North Dakota,1999,5,644259,0.78,Suppressed,RX
715,North Dakota,2000,5,642200,0.78,Suppressed,RX
716,North Dakota,2001,5,639062,0.78,Suppressed,RX
717,North Dakota,2002,14,638168,2.19,Unreliable,RX
718,North Dakota,2003,10,638817,1.57,Unreliable,RX
719,North Dakota,2004,13,644705,2.02,Unreliable,RX
720,North Dakota,2005,5,646089,0.77,Suppressed,RX
721,North Dakota,2006,5,649422,0.77,Suppressed,RX
722,North Dakota,2007,16,652822,2.45,Unreliable,RX
723,North Dakota,2008,32,657569,4.87,5.1,RX
724,North Dakota,2009,18,664968,2.71,Unreliable,RX
725,North Dakota,2010,18,672591,2.68,Unreliable,RX
726,North Dakota,2011,5,683932,0.73,Suppressed,RX
727,North Dakota,2012,5,699628,0.71,Suppressed,RX
728,North Dakota,2013,14,723393,1.94,Unreliable,RX
729,North Dakota,2014,34,739482,4.6,4.9,RX
730,North Dakota,2015,34,756927,4.49,4.8,RX
731,North Dakota,2016,49,757952,6.46,6.9,RX
732,North Dakota,2017,33,755393,4.37,4.5,RX
733,North Dakota,2018,33,760077,4.34,4.7,RX
734,North Dakota,2019,39,762062,5.12,5.3,RX
735,Ohio,1999,134,11335454,1.18,1.2,RX
736,Ohio,2000,201,11353140,1.77,1.8,RX
737,Ohio,2001,282,11387404,2.48,2.5,RX
738,Ohio,2002,360,11407889,3.16,3.2,RX
739,Ohio,2003,318,11434788,2.78,2.8,RX
740,Ohio,2004,437,11452251,3.82,3.8,RX
741,Ohio,2005,484,11463320,4.22,4.3,RX
742,Ohio,2006,577,11481213,5.03,5.1,RX
743,Ohio,2007,620,11500468,5.39,5.4,RX
744,Ohio,2008,666,11515391,5.78,5.9,RX
745,Ohio,2009,541,11528896,4.69,4.8,RX
746,Ohio,2010,886,11536504,7.68,7.8,RX
747,Ohio,2011,951,11544951,8.24,8.3,RX
748,Ohio,2012,812,11544225,7.03,7.2,RX
749,Ohio,2013,858,11570808,7.42,7.5,RX
750,Ohio,2014,1306,11594163,11.26,11.6,RX
751,Ohio,2015,1947,11613423,16.77,17.7,RX
752,Ohio,2016,3068,11614373,26.42,27.9,RX
753,Ohio,2017,4140,11658609,35.51,37.8,RX
754,Ohio,2018,3186,11689442,27.26,29.1,RX
755,Ohio,2019,3474,11689100,29.72,31.6,RX
756,Oklahoma,1999,87,3437147,2.53,2.6,RX
757,Oklahoma,2000,128,3450654,3.71,3.9,RX
758,Oklahoma,2001,163,3467100,4.7,4.9,RX
759,Oklahoma,2002,145,3489080,4.16,4.3,RX
760,Oklahoma,2003,258,3504892,7.36,7.6,RX
761,Oklahoma,2004,322,3525233,9.13,9.4,RX
762,Oklahoma,2005,316,3548597,8.9,9.1,RX
763,Oklahoma,2006,389,3594090,10.82,11.2,RX
764,Oklahoma,2007,496,3634349,13.65,14.0,RX
765,Oklahoma,2008,410,3668976,11.17,11.4,RX
766,Oklahoma,2009,570,3717572,15.33,15.6,RX
767,Oklahoma,2010,518,3751351,13.81,14.1,RX
768,Oklahoma,2011,480,3791508,12.66,12.9,RX
769,Oklahoma,2012,518,3814820,13.58,13.8,RX
770,Oklahoma,2013,502,3850568,13.04,13.1,RX
771,Oklahoma,2014,484,3878051,12.48,12.6,RX
772,Oklahoma,2015,416,3911338,10.64,10.8,RX
773,Oklahoma,2016,407,3923561,10.37,10.6,RX
774,Oklahoma,2017,345,3930864,8.78,9.1,RX
775,Oklahoma,2018,252,3943079,6.39,6.3,RX
776,Oklahoma,2019,217,3956971,5.48,5.5,RX
777,Oregon,1999,81,3393941,2.39,2.4,RX
778,Oregon,2000,90,3421399,2.63,2.6,RX
779,Oregon,2001,130,3467937,3.75,3.7,RX
780,Oregon,2002,166,3513424,4.72,4.7,RX
781,Oregon,2003,190,3547376,5.36,5.2,RX
782,Oregon,2004,190,3569463,5.32,5.2,RX
783,Oregon,2005,247,3613202,6.84,6.7,RX
784,Oregon,2006,322,3670883,8.77,8.5,RX
785,Oregon,2007,261,3722417,7.01,6.8,RX
786,Oregon,2008,267,3768748,7.08,7.0,RX
787,Oregon,2009,270,3808600,7.09,6.9,RX
788,Oregon,2010,264,3831074,6.89,6.8,RX
789,Oregon,2011,279,3871859,7.21,7.1,RX
790,Oregon,2012,250,3899353,6.41,6.2,RX
791,Oregon,2013,210,3930065,5.34,5.1,RX
792,Oregon,2014,236,3970239,5.94,5.7,RX
793,Oregon,2015,251,4028977,6.23,6.0,RX
794,Oregon,2016,220,4093465,5.37,5.2,RX
795,Oregon,2017,254,4142776,6.13,6.0,RX
796,Oregon,2018,257,4190713,6.13,6.0,RX
797,Oregon,2019,243,4217737,5.76,5.6,RX
798,Pennsylvania,1999,176,12263805,1.44,1.5,RX
799,Pennsylvania,2000,208,12281054,1.69,1.7,RX
800,Pennsylvania,2001,156,12298970,1.27,1.3,RX
801,Pennsylvania,2002,230,12331031,1.87,1.9,RX
802,Pennsylvania,2003,341,12374658,2.76,2.8,RX
803,Pennsylvania,2004,370,12410722,2.98,3.1,RX
804,Pennsylvania,2005,402,12449990,3.23,3.3,RX
805,Pennsylvania,2006,364,12510809,2.91,3.0,RX
806,Pennsylvania,2007,441,12563937,3.51,3.6,RX
807,Pennsylvania,2008,506,12612285,4.01,4.1,RX
808,Pennsylvania,2009,537,12666858,4.24,4.4,RX
809,Pennsylvania,2010,548,12702379,4.31,4.4,RX
810,Pennsylvania,2011,563,12742886,4.42,4.6,RX
811,Pennsylvania,2012,560,12763536,4.39,4.5,RX
812,Pennsylvania,2013,629,12773801,4.92,5.1,RX
813,Pennsylvania,2014,719,12787209,5.62,5.8,RX
814,Pennsylvania,2015,950,12802503,7.42,7.7,RX
815,Pennsylvania,2016,1867,12784227,14.6,15.4,RX
816,Pennsylvania,2017,2402,12805537,18.76,20.0,RX
817,Pennsylvania,2018,2799,12807060,21.86,23.2,RX
818,Pennsylvania,2019,3008,12801989,23.5,24.9,RX
819,Rhode Island,1999,34,1040402,3.27,3.3,RX
820,Rhode Island,2000,59,1048319,5.63,5.6,RX
821,Rhode Island,2001,86,1057142,8.14,8.2,RX
822,Rhode Island,2002,74,1065995,6.94,7.0,RX
823,Rhode Island,2003,108,1071342,10.08,10.2,RX
824,Rhode Island,2004,80,1074579,7.44,7.4,RX
825,Rhode Island,2005,121,1067916,11.33,11.2,RX
826,Rhode Island,2006,128,1063096,12.04,12.0,RX
827,Rhode Island,2007,88,1057315,8.32,8.2,RX
828,Rhode Island,2008,129,1055003,12.23,12.1,RX
829,Rhode Island,2009,116,1053646,11.01,10.6,RX
830,Rhode Island,2010,110,1052567,10.45,10.3,RX
831,Rhode Island,2011,135,1051302,12.84,12.6,RX
832,Rhode Island,2012,126,1050292,12.0,11.8,RX
833,Rhode Island,2013,155,1051511,14.74,14.5,RX
834,Rhode Island,2014,175,1055173,16.58,16.7,RX
835,Rhode Island,2015,236,1056298,22.34,21.8,RX
836,Rhode Island,2016,268,1056426,25.37,25.6,RX
837,Rhode Island,2017,274,1059639,25.86,26.5,RX
838,Rhode Island,2018,263,1057315,24.87,25.6,RX
839,Rhode Island,2019,237,1059361,22.37,23.1,RX
840,South Carolina,1999,48,3974682,1.21,1.2,RX
841,South Carolina,2000,83,4012012,2.07,2.1,RX
842,South Carolina,2001,86,4064995,2.12,2.1,RX
843,South Carolina,2002,81,4107795,1.97,2.0,RX
844,South Carolina,2003,90,4150297,2.17,2.2,RX
845,South Carolina,2004,133,4210921,3.16,3.2,RX
846,South Carolina,2005,152,4270150,3.56,3.5,RX
847,South Carolina,2006,232,4357847,5.32,5.3,RX
848,South Carolina,2007,199,4444110,4.48,4.4,RX
849,South Carolina,2008,220,4528996,4.86,4.8,RX
850,South Carolina,2009,232,4589872,5.05,5.0,RX
851,South Carolina,2010,263,4625364,5.69,5.7,RX
852,South Carolina,2011,237,4679230,5.06,5.2,RX
853,South Carolina,2012,229,4723723,4.85,4.9,RX
854,South Carolina,2013,224,4774839,4.69,4.9,RX
855,South Carolina,2014,476,4832482,9.85,9.8,RX
856,South Carolina,2015,512,4896146,10.46,10.4,RX
857,South Carolina,2016,590,4961119,11.89,12.2,RX
858,South Carolina,2017,691,5024369,13.75,14.2,RX
859,South Carolina,2018,794,5084127,15.62,16.3,RX
860,South Carolina,2019,816,5148714,15.85,16.6,RX
861,South Dakota,1999,5,750412,0.67,Suppressed,RX
862,South Dakota,2000,5,754844,0.66,Suppressed,RX
863,South Dakota,2001,10,757972,1.32,Unreliable,RX
864,South Dakota,2002,13,760020,1.71,Unreliable,RX
865,South Dakota,2003,10,763729,1.31,Unreliable,RX
866,South Dakota,2004,21,770396,2.73,2.9,RX
867,South Dakota,2005,22,775493,2.84,3.1,RX
868,South Dakota,2006,24,783033,3.07,3.4,RX
869,South Dakota,2007,21,791623,2.65,2.6,RX
870,South Dakota,2008,32,799124,4.0,4.3,RX
871,South Dakota,2009,34,807067,4.21,4.4,RX
872,South Dakota,2010,33,814180,4.05,4.6,RX
873,South Dakota,2011,34,824082,4.13,4.5,RX
874,South Dakota,2012,25,833354,3.0,3.2,RX
875,South Dakota,2013,34,844877,4.02,4.4,RX
876,South Dakota,2014,32,853175,3.75,4.0,RX
877,South Dakota,2015,25,858469,2.91,3.2,RX
878,South Dakota,2016,36,865454,4.16,4.2,RX
879,South Dakota,2017,29,869666,3.33,3.3,RX
880,South Dakota,2018,25,882235,2.83,3.1,RX
881,South Dakota,2019,38,884659,4.3,4.4,RX
882,Tennessee,1999,83,5638706,1.47,1.5,RX
883,Tennessee,2000,98,5689283,1.72,1.7,RX
884,Tennessee,2001,143,5750789,2.49,2.5,RX
885,Tennessee,2002,175,5795918,3.02,3.0,RX
886,Tennessee,2003,308,5847812,5.27,5.3,RX
887,Tennessee,2004,399,5910809,6.75,6.7,RX
888,Tennessee,2005,455,5991057,7.59,7.6,RX
889,Tennessee,2006,476,6088766,7.82,7.8,RX
890,Tennessee,2007,487,6175727,7.89,7.9,RX
891,Tennessee,2008,492,6247411,7.88,7.9,RX
892,Tennessee,2009,527,6306019,8.36,8.4,RX
893,Tennessee,2010,641,6346105,10.1,10.1,RX
894,Tennessee,2011,647,6403353,10.1,10.3,RX
895,Tennessee,2012,705,6456243,10.92,11.1,RX
896,Tennessee,2013,728,6495978,11.21,11.3,RX
897,Tennessee,2014,784,6549352,11.97,12.2,RX
898,Tennessee,2015,935,6600299,14.17,14.3,RX
899,Tennessee,2016,1085,6651194,16.31,16.4,RX
900,Tennessee,2017,1157,6715984,17.23,17.6,RX
901,Tennessee,2018,1245,6770010,18.39,18.9,RX
902,Tennessee,2019,1500,6829174,21.96,22.6,RX
903,Texas,1999,280,20558220,1.36,1.4,RX
904,Texas,2000,335,20851820,1.61,1.6,RX
905,Texas,2001,443,21319622,2.08,2.1,RX
906,Texas,2002,628,21690325,2.9,2.9,RX
907,Texas,2003,644,22030931,2.92,3.0,RX
908,Texas,2004,654,22394023,2.92,2.9,RX
909,Texas,2005,730,22778123,3.2,3.2,RX
910,Texas,2006,909,23359580,3.89,3.9,RX
911,Texas,2007,867,23831983,3.64,3.7,RX
912,Texas,2008,758,24309039,3.12,3.1,RX
913,Texas,2009,930,24801761,3.75,3.8,RX
914,Texas,2010,945,25145561,3.76,3.7,RX
915,Texas,2011,893,25674681,3.48,3.5,RX
916,Texas,2012,845,26059203,3.24,3.3,RX
917,Texas,2013,780,26448193,2.95,3.0,RX
918,Texas,2014,820,26956958,3.04,3.0,RX
919,Texas,2015,870,27469114,3.17,3.1,RX
920,Texas,2016,946,27862596,3.4,3.4,RX
921,Texas,2017,1055,28304596,3.73,3.7,RX
922,Texas,2018,920,28701845,3.21,3.2,RX
923,Texas,2019,968,28995881,3.34,3.3,RX
924,Utah,1999,122,2203482,5.54,6.4,RX
925,Utah,2000,141,2233169,6.31,6.9,RX
926,Utah,2001,155,2283715,6.79,7.8,RX
927,Utah,2002,198,2324815,8.52,9.5,RX
928,Utah,2003,262,2360137,11.1,12.0,RX
929,Utah,2004,269,2401580,11.2,12.1,RX
930,Utah,2005,324,2457719,13.18,14.3,RX
931,Utah,2006,336,2525507,13.3,14.2,RX
932,Utah,2007,373,2597746,14.36,15.3,RX
933,Utah,2008,363,2663029,13.63,14.6,RX
934,Utah,2009,387,2723421,14.21,15.5,RX
935,Utah,2010,345,2763885,12.48,13.3,RX
936,Utah,2011,385,2817222,13.67,14.7,RX
937,Utah,2012,429,2855287,15.02,16.4,RX
938,Utah,2013,427,2900872,14.72,15.8,RX
939,Utah,2014,450,2942902,15.29,16.6,RX
940,Utah,2015,442,2995919,14.75,15.8,RX
941,Utah,2016,418,3051217,13.7,14.9,RX
942,Utah,2017,389,3101833,12.54,13.3,RX
943,Utah,2018,374,3161105,11.83,12.8,RX
944,Utah,2019,341,3205958,10.64,11.5,RX
945,Vermont,1999,15,604683,2.48,Unreliable,RX
946,Vermont,2000,22,608827,3.61,3.5,RX
947,Vermont,2001,37,612223,6.04,6.0,RX
948,Vermont,2002,41,615442,6.66,6.6,RX
949,Vermont,2003,49,617858,7.93,7.7,RX
950,Vermont,2004,41,619920,6.61,6.6,RX
951,Vermont,2005,45,621215,7.24,7.3,RX
952,Vermont,2006,59,622892,9.47,9.8,RX
953,Vermont,2007,54,623481,8.66,9.1,RX
954,Vermont,2008,55,624151,8.81,8.3,RX
955,Vermont,2009,43,624817,6.88,6.5,RX
956,Vermont,2010,44,625741,7.03,6.8,RX
957,Vermont,2011,52,626431,8.3,8.5,RX
958,Vermont,2012,49,626011,7.83,7.5,RX
959,Vermont,2013,61,626630,9.73,9.7,RX
960,Vermont,2014,49,626562,7.82,8.1,RX
961,Vermont,2015,62,626042,9.9,10.2,RX
962,Vermont,2016,82,624594,13.13,14.7,RX
963,Vermont,2017,110,623657,17.64,19.0,RX
964,Vermont,2018,121,626299,19.32,21.5,RX
965,Vermont,2019,115,623989,18.43,20.7,RX
966,Virginia,1999,166,7000174,2.37,2.3,RX
967,Virginia,2000,218,7078515,3.08,3.0,RX
968,Virginia,2001,261,7198362,3.63,3.5,RX
969,Virginia,2002,290,7286873,3.98,3.8,RX
970,Virginia,2003,301,7366977,4.09,4.0,RX
971,Virginia,2004,348,7475575,4.66,4.6,RX
972,Virginia,2005,327,7577105,4.32,4.2,RX
973,Virginia,2006,366,7673725,4.77,4.7,RX
974,Virginia,2007,439,7751000,5.66,5.6,RX
975,Virginia,2008,419,7833496,5.35,5.3,RX
976,Virginia,2009,401,7925937,5.06,5.0,RX
977,Virginia,2010,360,8001024,4.5,4.4,RX
978,Virginia,2011,498,8096604,6.15,6.1,RX
979,Virginia,2012,441,8185867,5.39,5.4,RX
980,Virginia,2013,484,8260405,5.86,5.7,RX
981,Virginia,2014,578,8326289,6.94,6.9,RX
982,Virginia,2015,598,8382993,7.13,7.2,RX
983,Virginia,2016,965,8411808,11.47,11.6,RX
984,Virginia,2017,1096,8470020,12.94,13.1,RX
985,Virginia,2018,1087,8517685,12.76,12.9,RX
986,Virginia,2019,1189,8535519,13.93,14.1,RX
987,Washington,1999,340,5842564,5.82,5.6,RX
988,Washington,2000,347,5894121,5.89,5.7,RX
989,Washington,2001,294,5985722,4.91,4.8,RX
990,Washington,2002,419,6052349,6.92,6.8,RX
991,Washington,2003,441,6104115,7.22,7.0,RX
992,Washington,2004,560,6178645,9.06,8.8,RX
993,Washington,2005,599,6257305,9.57,9.2,RX
994,Washington,2006,659,6370753,10.34,10.0,RX
995,Washington,2007,644,6461587,9.97,9.6,RX
996,Washington,2008,668,6562231,10.18,9.8,RX
997,Washington,2009,685,6667426,10.27,9.9,RX
998,Washington,2010,592,6724540,8.8,8.4,RX
999,Washington,2011,644,6830038,9.43,9.1,RX
1000,Washington,2012,609,6897012,8.83,8.4,RX
1001,Washington,2013,586,6971406,8.41,8.1,RX
1002,Washington,2014,583,7061530,8.26,7.9,RX
1003,Washington,2015,570,7170351,7.95,7.6,RX
1004,Washington,2016,593,7288000,8.14,7.7,RX
1005,Washington,2017,621,7405743,8.39,8.0,RX
1006,Washington,2018,611,7535591,8.11,7.8,RX
1007,Washington,2019,674,7614893,8.85,8.6,RX
1008,West Virginia,1999,33,1811799,1.82,1.8,RX
1009,West Virginia,2000,50,1808344,2.76,2.8,RX
1010,West Virginia,2001,146,1801481,8.1,8.3,RX
1011,West Virginia,2002,178,1805414,9.86,10.1,RX
1012,West Virginia,2003,201,1812295,11.09,11.7,RX
1013,West Virginia,2004,266,1816438,14.64,15.0,RX
1014,West Virginia,2005,153,1820492,8.4,8.9,RX
1015,West Virginia,2006,296,1827912,16.19,16.7,RX
1016,West Virginia,2007,336,1834052,18.32,19.2,RX
1017,West Virginia,2008,361,1840310,19.62,20.3,RX
1018,West Virginia,2009,176,1847775,9.52,9.8,RX
1019,West Virginia,2010,477,1852994,25.74,26.8,RX
1020,West Virginia,2011,572,1855364,30.83,32.5,RX
1021,West Virginia,2012,479,1855413,25.82,27.4,RX
1022,West Virginia,2013,445,1854304,24.0,25.0,RX
1023,West Virginia,2014,479,1850326,25.89,27.0,RX
1024,West Virginia,2015,554,1844128,30.04,31.3,RX
1025,West Virginia,2016,677,1831102,36.97,39.9,RX
1026,West Virginia,2017,831,1815857,45.76,49.4,RX
1027,West Virginia,2018,724,1805832,40.09,43.4,RX
1028,West Virginia,2019,692,1792147,38.61,42.4,RX
1029,Wisconsin,1999,72,5332666,1.35,1.4,RX
1030,Wisconsin,2000,89,5363675,1.66,1.7,RX
1031,Wisconsin,2001,122,5406835,2.26,2.2,RX
1032,Wisconsin,2002,151,5445162,2.77,2.8,RX
1033,Wisconsin,2003,181,5479203,3.3,3.3,RX
1034,Wisconsin,2004,206,5514026,3.74,3.7,RX
1035,Wisconsin,2005,251,5546166,4.53,4.5,RX
1036,Wisconsin,2006,326,5577655,5.84,5.9,RX
1037,Wisconsin,2007,359,5610775,6.4,6.5,RX
1038,Wisconsin,2008,324,5640996,5.74,5.7,RX
1039,Wisconsin,2009,339,5669264,5.98,5.8,RX
1040,Wisconsin,2010,348,5686986,6.12,6.1,RX
1041,Wisconsin,2011,371,5711767,6.5,6.4,RX
1042,Wisconsin,2012,335,5726398,5.85,5.9,RX
1043,Wisconsin,2013,412,5742713,7.17,7.2,RX
1044,Wisconsin,2014,424,5757564,7.36,7.4,RX
1045,Wisconsin,2015,408,5771337,7.07,7.2,RX
1046,Wisconsin,2016,627,5778708,10.85,11.3,RX
1047,Wisconsin,2017,737,5795483,12.72,13.3,RX
1048,Wisconsin,2018,732,5813568,12.59,13.2,RX
1049,Wisconsin,2019,834,5822434,14.32,14.9,RX
1050,Wyoming,1999,5,491780,1.02,Suppressed,RX
1051,Wyoming,2000,10,493782,2.03,Unreliable,RX
1052,Wyoming,2001,5,494657,1.01,Suppressed,RX
1053,Wyoming,2002,16,500017,3.2,Unreliable,RX
1054,Wyoming,2003,5,503453,0.99,Suppressed,RX
1055,Wyoming,2004,13,509106,2.55,Unreliable,RX
1056,Wyoming,2005,10,514157,1.94,Unreliable,RX
1057,Wyoming,2006,14,522667,2.68,Unreliable,RX
1058,Wyoming,2007,24,534876,4.49,4.4,RX
1059,Wyoming,2008,47,546043,8.61,8.8,RX
1060,Wyoming,2009,33,559851,5.89,5.9,RX
1061,Wyoming,2010,49,563626,8.69,8.9,RX
1062,Wyoming,2011,46,568158,8.1,8.0,RX
1063,Wyoming,2012,44,576412,7.63,7.6,RX
1064,Wyoming,2013,48,582658,8.24,8.6,RX
1065,Wyoming,2014,48,584153,8.22,8.3,RX
1066,Wyoming,2015,45,586107,7.68,7.7,RX
1067,Wyoming,2016,44,585501,7.51,7.7,RX
1068,Wyoming,2017,48,579315,8.29,8.7,RX
1069,Wyoming,2018,38,577737,6.58,6.3,RX
1070,Wyoming,2019,45,578759,7.78,7.7,RX
0,Alabama,1999,27,4430141,0.61,0.6,IL
1,Alabama,2000,18,4447100,0.4,Unreliable,IL
2,Alabama,2001,34,4467634,0.76,0.8,IL
3,Alabama,2002,33,4480089,0.74,0.7,IL
4,Alabama,2003,27,4503491,0.6,0.6,IL
5,Alabama,2004,55,4530729,1.21,1.2,IL
6,Alabama,2005,40,4569805,0.88,0.9,IL
7,Alabama,2006,62,4628981,1.34,1.4,IL
8,Alabama,2007,42,4672840,0.9,0.9,IL
9,Alabama,2008,59,4718206,1.25,1.3,IL
10,Alabama,2009,51,4757938,1.07,1.1,IL
11,Alabama,2010,38,4779736,0.8,0.8,IL
12,Alabama,2011,42,4802740,0.87,0.9,IL
13,Alabama,2012,58,4822023,1.2,1.3,IL
14,Alabama,2013,73,4833722,1.51,1.5,IL
15,Alabama,2014,152,4849377,3.13,3.3,IL
16,Alabama,2015,134,4858979,2.76,2.9,IL
17,Alabama,2016,199,4863300,4.09,4.4,IL
18,Alabama,2017,227,4874747,4.66,4.9,IL
19,Alabama,2018,213,4887871,4.36,4.7,IL
20,Alabama,2019,224,4903185,4.57,4.8,IL
21,Alaska,1999,16,624779,2.56,Unreliable,IL
22,Alaska,2000,15,626932,2.39,Unreliable,IL
23,Alaska,2001,5,633714,0.79,Suppressed,IL
24,Alaska,2002,5,642337,0.78,Suppressed,IL
25,Alaska,2003,10,648414,1.54,Unreliable,IL
26,Alaska,2004,5,659286,0.76,Suppressed,IL
27,Alaska,2005,11,666946,1.65,Unreliable,IL
28,Alaska,2006,14,675302,2.07,Unreliable,IL
29,Alaska,2007,12,680300,1.76,Unreliable,IL
30,Alaska,2008,34,687455,4.95,4.8,IL
31,Alaska,2009,35,698895,5.01,5.0,IL
32,Alaska,2010,23,710231,3.24,3.1,IL
33,Alaska,2011,25,722718,3.46,3.2,IL
34,Alaska,2012,42,731449,5.74,5.2,IL
35,Alaska,2013,32,735132,4.35,4.2,IL
36,Alaska,2014,34,736732,4.61,4.4,IL
37,Alaska,2015,49,738432,6.64,6.3,IL
38,Alaska,2016,59,741894,7.95,7.7,IL
39,Alaska,2017,50,739795,6.76,6.7,IL
40,Alaska,2018,42,737438,5.7,5.5,IL
41,Alaska,2019,60,731545,8.2,7.9,IL
42,Arizona,1999,169,5023823,3.36,3.5,IL
43,Arizona,2000,143,5130632,2.79,2.9,IL
44,Arizona,2001,146,5273477,2.77,2.9,IL
45,Arizona,2002,176,5396255,3.26,3.4,IL
46,Arizona,2003,190,5510364,3.45,3.6,IL
47,Arizona,2004,153,5652404,2.71,2.9,IL
48,Arizona,2005,153,5839077,2.62,2.7,IL
49,Arizona,2006,215,6029141,3.57,3.6,IL
50,Arizona,2007,184,6167681,2.98,3.1,IL
51,Arizona,2008,135,6280362,2.15,2.2,IL
52,Arizona,2009,175,6343154,2.76,2.9,IL
53,Arizona,2010,156,6392017,2.44,2.5,IL
54,Arizona,2011,170,6482505,2.62,2.7,IL
55,Arizona,2012,155,6553255,2.37,2.4,IL
56,Arizona,2013,199,6626624,3.0,3.1,IL
57,Arizona,2014,250,6731484,3.71,3.8,IL
58,Arizona,2015,309,6828065,4.53,4.7,IL
59,Arizona,2016,374,6931071,5.4,5.6,IL
60,Arizona,2017,468,7016270,6.67,6.9,IL
61,Arizona,2018,521,7171646,7.26,7.6,IL
62,Arizona,2019,443,7278717,6.09,6.4,IL
63,Arkansas,1999,12,2651860,0.45,Unreliable,IL
64,Arkansas,2000,17,2673400,0.64,Unreliable,IL
65,Arkansas,2001,12,2691571,0.45,Unreliable,IL
66,Arkansas,2002,31,2705927,1.15,1.2,IL
67,Arkansas,2003,30,2724816,1.1,1.2,IL
68,Arkansas,2004,29,2749686,1.05,1.1,IL
69,Arkansas,2005,40,2781097,1.44,1.6,IL
70,Arkansas,2006,44,2821761,1.56,1.6,IL
71,Arkansas,2007,37,2848650,1.3,1.4,IL
72,Arkansas,2008,30,2874554,1.04,1.0,IL
73,Arkansas,2009,30,2896843,1.04,1.1,IL
74,Arkansas,2010,24,2915918,0.82,0.9,IL
75,Arkansas,2011,18,2937979,0.61,Unreliable,IL
76,Arkansas,2012,22,2949131,0.75,0.7,IL
77,Arkansas,2013,17,2959373,0.57,Unreliable,IL
78,Arkansas,2014,17,2966369,0.57,Unreliable,IL
79,Arkansas,2015,26,2978204,0.87,1.0,IL
80,Arkansas,2016,23,2988248,0.77,0.8,IL
81,Arkansas,2017,42,3004279,1.4,1.4,IL
82,Arkansas,2018,44,3013825,1.46,1.5,IL
83,Arkansas,2019,58,3017804,1.92,2.0,IL
84,California,1999,895,33499204,2.67,2.7,IL
85,California,2000,658,33871648,1.94,2.0,IL
86,California,2001,429,34479458,1.24,1.3,IL
87,California,2002,830,34871843,2.38,2.4,IL
88,California,2003,835,35253159,2.37,2.4,IL
89,California,2004,726,35574576,2.04,2.0,IL
90,California,2005,754,35827943,2.1,2.1,IL
91,California,2006,792,36021202,2.2,2.2,IL
92,California,2007,789,36250311,2.18,2.1,IL
93,California,2008,681,36604337,1.86,1.8,IL
94,California,2009,698,36961229,1.89,1.9,IL
95,California,2010,611,37253956,1.64,1.6,IL
96,California,2011,647,37691912,1.72,1.7,IL
97,California,2012,609,38041430,1.6,1.6,IL
98,California,2013,767,38332521,2.0,1.9,IL
99,California,2014,861,38802500,2.22,2.1,IL
100,California,2015,927,39144818,2.37,2.3,IL
101,California,2016,991,39250017,2.52,2.4,IL
102,California,2017,1177,39536653,2.98,2.8,IL
103,California,2018,1385,39557045,3.5,3.3,IL
104,California,2019,1827,39512223,4.62,4.4,IL
105,Colorado,1999,138,4226018,3.27,3.1,IL
106,Colorado,2000,127,4301261,2.95,2.8,IL
107,Colorado,2001,123,4425687,2.78,2.6,IL
108,Colorado,2002,142,4490406,3.16,3.0,IL
109,Colorado,2003,165,4528732,3.64,3.5,IL
110,Colorado,2004,159,4575013,3.48,3.4,IL
111,Colorado,2005,190,4631888,4.1,4.0,IL
112,Colorado,2006,212,4720423,4.49,4.3,IL
113,Colorado,2007,183,4803868,3.81,3.7,IL
114,Colorado,2008,167,4889730,3.42,3.3,IL
115,Colorado,2009,160,4972195,3.22,3.1,IL
116,Colorado,2010,111,5029196,2.21,2.2,IL
117,Colorado,2011,153,5116796,2.99,2.9,IL
118,Colorado,2012,138,5187582,2.66,2.6,IL
119,Colorado,2013,170,5268367,3.23,3.2,IL
120,Colorado,2014,220,5355866,4.11,4.0,IL
121,Colorado,2015,218,5456574,4.0,3.8,IL
122,Colorado,2016,324,5540545,5.85,5.8,IL
123,Colorado,2017,311,5607154,5.55,5.5,IL
124,Colorado,2018,359,5695564,6.3,6.0,IL
125,Colorado,2019,347,5758736,6.03,5.7,IL
126,Connecticut,1999,152,3386401,4.49,4.4,IL
127,Connecticut,2000,153,3405565,4.49,4.4,IL
128,Connecticut,2001,136,3432835,3.96,3.9,IL
129,Connecticut,2002,131,3458749,3.79,3.8,IL
130,Connecticut,2003,152,3484336,4.36,4.4,IL
131,Connecticut,2004,141,3496094,4.03,4.2,IL
132,Connecticut,2005,143,3506956,4.08,4.2,IL
133,Connecticut,2006,182,3517460,5.17,5.2,IL
134,Connecticut,2007,183,3527270,5.19,5.3,IL
135,Connecticut,2008,158,3545579,4.46,4.5,IL
136,Connecticut,2009,151,3561807,4.24,4.3,IL
137,Connecticut,2010,122,3574097,3.41,3.5,IL
138,Connecticut,2011,147,3580709,4.11,4.2,IL
139,Connecticut,2012,148,3590347,4.12,4.2,IL
140,Connecticut,2013,324,3596080,9.01,9.1,IL
141,Connecticut,2014,357,3596677,9.93,10.5,IL
142,Connecticut,2015,466,3590886,12.98,13.3,IL
143,Connecticut,2016,573,3576452,16.02,16.6,IL
144,Connecticut,2017,586,3588184,16.33,17.0,IL
145,Connecticut,2018,553,3572665,15.48,16.1,IL
146,Connecticut,2019,619,3565287,17.36,17.8,IL
147,Delaware,1999,22,774990,2.84,2.8,IL
148,Delaware,2000,17,783600,2.17,Unreliable,IL
149,Delaware,2001,22,795699,2.76,2.8,IL
150,Delaware,2002,32,806169,3.97,4.0,IL
151,Delaware,2003,20,818003,2.44,2.5,IL
152,Delaware,2004,23,830803,2.77,2.7,IL
153,Delaware,2005,16,845150,1.89,Unreliable,IL
154,Delaware,2006,23,859268,2.68,2.7,IL
155,Delaware,2007,22,871749,2.52,2.7,IL
156,Delaware,2008,21,883874,2.38,2.5,IL
157,Delaware,2009,29,891730,3.25,3.2,IL
158,Delaware,2010,39,897934,4.34,4.5,IL
159,Delaware,2011,28,907135,3.09,3.1,IL
160,Delaware,2012,39,917092,4.25,4.3,IL
161,Delaware,2013,50,925749,5.4,5.7,IL
162,Delaware,2014,66,935614,7.05,7.4,IL
163,Delaware,2015,79,945934,8.35,8.5,IL
164,Delaware,2016,99,952065,10.4,10.6,IL
165,Delaware,2017,188,961939,19.54,20.6,IL
166,Delaware,2018,235,967171,24.3,26.2,IL
167,Delaware,2019,228,973764,23.41,25.2,IL
168,District of Columbia,1999,40,570213,7.01,7.0,IL
169,District of Columbia,2000,48,572059,8.39,8.4,IL
170,District of Columbia,2001,56,574504,9.75,9.6,IL
171,District of Columbia,2002,39,573158,6.8,6.9,IL
172,District of Columbia,2003,62,568502,10.91,10.7,IL
173,District of Columbia,2004,49,567754,8.63,8.8,IL
174,District of Columbia,2005,42,567136,7.41,7.6,IL
175,District of Columbia,2006,63,570681,11.04,11.1,IL
176,District of Columbia,2007,35,574404,6.09,6.1,IL
177,District of Columbia,2008,40,580236,6.89,7.0,IL
178,District of Columbia,2009,13,592228,2.2,Unreliable,IL
179,District of Columbia,2010,50,601723,8.31,8.4,IL
180,District of Columbia,2011,48,617996,7.77,7.6,IL
181,District of Columbia,2012,43,632323,6.8,7.3,IL
182,District of Columbia,2013,60,646449,9.28,9.0,IL
183,District of Columbia,2014,61,658893,9.26,8.9,IL
184,District of Columbia,2015,90,672228,13.39,13.3,IL
185,District of Columbia,2016,179,681170,26.28,26.0,IL
186,District of Columbia,2017,214,693972,30.84,30.5,IL
187,District of Columbia,2018,151,702455,21.5,21.0,IL
188,District of Columbia,2019,188,705749,26.64,26.5,IL
189,Florida,1999,322,15759421,2.04,2.2,IL
190,Florida,2000,353,15982378,2.21,2.3,IL
191,Florida,2001,525,16356966,3.21,3.4,IL
192,Florida,2002,541,16689370,3.24,3.4,IL
193,Florida,2003,656,17004085,3.86,4.0,IL
194,Florida,2004,640,17415318,3.67,3.8,IL
195,Florida,2005,734,17842038,4.11,4.3,IL
196,Florida,2006,731,18166990,4.02,4.2,IL
197,Florida,2007,728,18367842,3.96,4.1,IL
198,Florida,2008,553,18527305,2.98,3.1,IL
199,Florida,2009,441,18652644,2.36,2.4,IL
200,Florida,2010,412,18801310,2.19,2.2,IL
201,Florida,2011,482,19057542,2.53,2.6,IL
202,Florida,2012,448,19317568,2.32,2.4,IL
203,Florida,2013,526,19552860,2.69,2.8,IL
204,Florida,2014,713,19893297,3.58,3.8,IL
205,Florida,2015,1005,20271272,4.96,5.3,IL
206,Florida,2016,1543,20612439,7.49,8.0,IL
207,Florida,2017,1892,20984400,9.02,9.5,IL
208,Florida,2018,1796,21299325,8.43,8.9,IL
209,Florida,2019,1994,21477737,9.28,9.7,IL
210,Georgia,1999,83,8045965,1.03,1.0,IL
211,Georgia,2000,121,8186453,1.48,1.4,IL
212,Georgia,2001,129,8377038,1.54,1.5,IL
213,Georgia,2002,129,8508256,1.52,1.5,IL
214,Georgia,2003,149,8622793,1.73,1.7,IL
215,Georgia,2004,167,8769252,1.9,1.9,IL
216,Georgia,2005,175,8925922,1.96,1.9,IL
217,Georgia,2006,201,9155813,2.2,2.2,IL
218,Georgia,2007,202,9349988,2.16,2.1,IL
219,Georgia,2008,158,9504843,1.66,1.6,IL
220,Georgia,2009,168,9620846,1.75,1.7,IL
221,Georgia,2010,128,9687653,1.32,1.3,IL
222,Georgia,2011,137,9815210,1.4,1.3,IL
223,Georgia,2012,149,9919945,1.5,1.5,IL
224,Georgia,2013,176,9992167,1.76,1.7,IL
225,Georgia,2014,275,10097343,2.72,2.7,IL
226,Georgia,2015,352,10214860,3.45,3.5,IL
227,Georgia,2016,411,10310371,3.99,4.0,IL
228,Georgia,2017,475,10429379,4.55,4.6,IL
229,Georgia,2018,530,10519475,5.04,5.1,IL
230,Georgia,2019,551,10617423,5.19,5.2,IL
231,Hawaii,1999,17,1210300,1.4,Unreliable,IL
232,Hawaii,2000,13,1211537,1.07,Unreliable,IL
233,Hawaii,2001,16,1225948,1.31,Unreliable,IL
234,Hawaii,2002,13,1239613,1.05,Unreliable,IL
235,Hawaii,2003,23,1251154,1.84,1.8,IL
236,Hawaii,2004,17,1273569,1.33,Unreliable,IL
237,Hawaii,2005,13,1292729,1.01,Unreliable,IL
238,Hawaii,2006,18,1309731,1.37,Unreliable,IL
239,Hawaii,2007,21,1315675,1.6,1.6,IL
240,Hawaii,2008,14,1332213,1.05,Unreliable,IL
241,Hawaii,2009,16,1346717,1.19,Unreliable,IL
242,Hawaii,2010,14,1360301,1.03,Unreliable,IL
243,Hawaii,2011,15,1374810,1.09,Unreliable,IL
244,Hawaii,2012,11,1392313,0.79,Unreliable,IL
245,Hawaii,2013,15,1404054,1.07,Unreliable,IL
246,Hawaii,2014,19,1419561,1.34,Unreliable,IL
247,Hawaii,2015,22,1431603,1.54,1.6,IL
248,Hawaii,2016,26,1428557,1.82,1.8,IL
249,Hawaii,2017,20,1427538,1.4,1.4,IL
250,Hawaii,2018,29,1420491,2.04,2.0,IL
251,Hawaii,2019,33,1415872,2.33,2.4,IL
252,Idaho,1999,11,1275674,0.86,Unreliable,IL
253,Idaho,2000,5,1293953,0.39,Suppressed,IL
254,Idaho,2001,12,1319962,0.91,Unreliable,IL
255,Idaho,2002,5,1340372,0.37,Suppressed,IL
256,Idaho,2003,5,1363380,0.37,Suppressed,IL
257,Idaho,2004,5,1391802,0.36,Suppressed,IL
258,Idaho,2005,5,1428241,0.35,Suppressed,IL
259,Idaho,2006,5,1468669,0.34,Suppressed,IL
260,Idaho,2007,5,1505105,0.33,Suppressed,IL
261,Idaho,2008,5,1534320,0.33,Suppressed,IL
262,Idaho,2009,5,1554439,0.32,Suppressed,IL
263,Idaho,2010,5,1567582,0.32,Suppressed,IL
264,Idaho,2011,5,1584985,0.32,Suppressed,IL
265,Idaho,2012,5,1595728,0.31,Suppressed,IL
266,Idaho,2013,5,1612136,0.31,Suppressed,IL
267,Idaho,2014,12,1634464,0.73,Unreliable,IL
268,Idaho,2015,17,1654930,1.03,Unreliable,IL
269,Idaho,2016,27,1683140,1.6,1.8,IL
270,Idaho,2017,29,1716943,1.69,1.9,IL
271,Idaho,2018,35,1754208,2.0,2.2,IL
272,Idaho,2019,44,1787065,2.46,2.6,IL
273,Illinois,1999,522,12359020,4.22,4.2,IL
274,Illinois,2000,455,12419293,3.66,3.7,IL
275,Illinois,2001,482,12488445,3.86,3.9,IL
276,Illinois,2002,508,12525556,4.06,4.1,IL
277,Illinois,2003,452,12556006,3.6,3.6,IL
278,Illinois,2004,582,12589773,4.62,4.7,IL
279,Illinois,2005,600,12609903,4.76,4.8,IL
280,Illinois,2006,720,12643955,5.69,5.7,IL
281,Illinois,2007,596,12695866,4.69,4.7,IL
282,Illinois,2008,556,12747038,4.36,4.4,IL
283,Illinois,2009,508,12796778,3.97,4.0,IL
284,Illinois,2010,493,12830632,3.84,3.8,IL
285,Illinois,2011,516,12869257,4.01,4.0,IL
286,Illinois,2012,651,12875255,5.06,5.0,IL
287,Illinois,2013,822,12882135,6.38,6.3,IL
288,Illinois,2014,933,12880580,7.24,7.2,IL
289,Illinois,2015,1051,12859995,8.17,8.2,IL
290,Illinois,2016,1361,12801539,10.63,10.7,IL
291,Illinois,2017,1641,12802023,12.82,12.8,IL
292,Illinois,2018,1570,12741080,12.32,12.3,IL
293,Illinois,2019,1606,12671821,12.67,12.6,IL
294,Indiana,1999,33,6044969,0.55,0.6,IL
295,Indiana,2000,25,6080485,0.41,0.4,IL
296,Indiana,2001,38,6127760,0.62,0.6,IL
297,Indiana,2002,38,6155967,0.62,0.6,IL
298,Indiana,2003,56,6196638,0.9,0.9,IL
299,Indiana,2004,70,6233007,1.12,1.1,IL
300,Indiana,2005,71,6278616,1.13,1.2,IL
301,Indiana,2006,77,6332669,1.22,1.2,IL
302,Indiana,2007,84,6379599,1.32,1.4,IL
303,Indiana,2008,103,6424806,1.6,1.6,IL
304,Indiana,2009,108,6459325,1.67,1.7,IL
305,Indiana,2010,99,6483802,1.53,1.6,IL
306,Indiana,2011,102,6516922,1.57,1.6,IL
307,Indiana,2012,149,6537334,2.28,2.4,IL
308,Indiana,2013,193,6570902,2.94,3.1,IL
309,Indiana,2014,210,6596855,3.18,3.3,IL
310,Indiana,2015,282,6619680,4.26,4.5,IL
311,Indiana,2016,393,6633053,5.92,6.2,IL
312,Indiana,2017,544,6666818,8.16,8.7,IL
313,Indiana,2018,519,6691878,7.76,8.3,IL
314,Indiana,2019,546,6732219,8.11,8.6,IL
315,Iowa,1999,5,2917634,0.17,Suppressed,IL
316,Iowa,2000,15,2926324,0.51,Unreliable,IL
317,Iowa,2001,10,2931997,0.34,Unreliable,IL
318,Iowa,2002,16,2934234,0.55,Unreliable,IL
319,Iowa,2003,15,2941999,0.51,Unreliable,IL
320,Iowa,2004,21,2953635,0.71,0.8,IL
321,Iowa,2005,24,2964454,0.81,0.9,IL
322,Iowa,2006,26,2982644,0.87,0.9,IL
323,Iowa,2007,26,2999212,0.87,0.9,IL
324,Iowa,2008,28,3016734,0.93,1.0,IL
325,Iowa,2009,29,3032870,0.96,1.0,IL
326,Iowa,2010,38,3046355,1.25,1.3,IL
327,Iowa,2011,19,3062309,0.62,Unreliable,IL
328,Iowa,2012,26,3074186,0.85,0.9,IL
329,Iowa,2013,41,3090416,1.33,1.4,IL
330,Iowa,2014,50,3107126,1.61,1.7,IL
331,Iowa,2015,59,3123899,1.89,2.1,IL
332,Iowa,2016,62,3134693,1.98,2.2,IL
333,Iowa,2017,68,3145711,2.16,2.3,IL
334,Iowa,2018,48,3156145,1.52,1.7,IL
335,Iowa,2019,64,3155070,2.03,2.2,IL
336,Kansas,1999,13,2678338,0.49,Unreliable,IL
337,Kansas,2000,23,2688418,0.86,0.9,IL
338,Kansas,2001,18,2702162,0.67,Unreliable,IL
339,Kansas,2002,25,2713535,0.92,0.9,IL
340,Kansas,2003,33,2723004,1.21,1.3,IL
341,Kansas,2004,38,2734373,1.39,1.5,IL
342,Kansas,2005,40,2745299,1.46,1.5,IL
343,Kansas,2006,53,2762931,1.92,2.0,IL
344,Kansas,2007,44,2783785,1.58,1.6,IL
345,Kansas,2008,21,2808076,0.75,0.8,IL
346,Kansas,2009,23,2832704,0.81,0.8,IL
347,Kansas,2010,27,2853118,0.95,1.0,IL
348,Kansas,2011,32,2871238,1.11,1.1,IL
349,Kansas,2012,29,2885905,1.0,1.0,IL
350,Kansas,2013,30,2893957,1.04,1.0,IL
351,Kansas,2014,36,2904021,1.24,1.3,IL
352,Kansas,2015,36,2911641,1.24,1.4,IL
353,Kansas,2016,44,2907289,1.51,1.6,IL
354,Kansas,2017,51,2913123,1.75,1.8,IL
355,Kansas,2018,62,2911505,2.13,2.3,IL
356,Kansas,2019,80,2913314,2.75,2.8,IL
357,Kentucky,1999,22,4018053,0.55,0.6,IL
358,Kentucky,2000,20,4041769,0.49,0.5,IL
359,Kentucky,2001,33,4068132,0.81,0.8,IL
360,Kentucky,2002,44,4089875,1.08,1.1,IL
361,Kentucky,2003,46,4117170,1.12,1.1,IL
362,Kentucky,2004,56,4146101,1.35,1.4,IL
363,Kentucky,2005,74,4182742,1.77,1.8,IL
364,Kentucky,2006,99,4219239,2.35,2.4,IL
365,Kentucky,2007,81,4256672,1.9,2.0,IL
366,Kentucky,2008,70,4289878,1.63,1.7,IL
367,Kentucky,2009,62,4317074,1.44,1.5,IL
368,Kentucky,2010,78,4339367,1.8,1.9,IL
369,Kentucky,2011,87,4369356,1.99,2.0,IL
370,Kentucky,2012,186,4380415,4.25,4.4,IL
371,Kentucky,2013,264,4395295,6.01,6.2,IL
372,Kentucky,2014,274,4413457,6.21,6.5,IL
373,Kentucky,2015,387,4425092,8.75,9.3,IL
374,Kentucky,2016,414,4436974,9.33,10.0,IL
375,Kentucky,2017,426,4454189,9.56,10.3,IL
376,Kentucky,2018,261,4468402,5.84,6.2,IL
377,Kentucky,2019,263,4467673,5.89,6.3,IL
378,Louisiana,1999,47,4460811,1.05,1.1,IL
379,Louisiana,2000,31,4468976,0.69,0.7,IL
380,Louisiana,2001,44,4477875,0.98,1.0,IL
381,Louisiana,2002,53,4497267,1.18,1.2,IL
382,Louisiana,2003,92,4521042,2.03,2.1,IL
383,Louisiana,2004,70,4552238,1.54,1.6,IL
384,Louisiana,2005,118,4576628,2.58,2.7,IL
385,Louisiana,2006,163,4302665,3.79,3.8,IL
386,Louisiana,2007,146,4375581,3.34,3.4,IL
387,Louisiana,2008,95,4435586,2.14,2.3,IL
388,Louisiana,2009,70,4491648,1.56,1.6,IL
389,Louisiana,2010,75,4533372,1.65,1.6,IL
390,Louisiana,2011,92,4574836,2.01,2.1,IL
391,Louisiana,2012,97,4601893,2.11,2.1,IL
392,Louisiana,2013,188,4625470,4.06,4.1,IL
393,Louisiana,2014,181,4649676,3.89,3.9,IL
394,Louisiana,2015,211,4670724,4.52,4.6,IL
395,Louisiana,2016,270,4681666,5.77,5.9,IL
396,Louisiana,2017,304,4684333,6.49,6.6,IL
397,Louisiana,2018,277,4659978,5.94,6.2,IL
398,Louisiana,2019,328,4648794,7.06,7.3,IL
399,Maine,1999,5,1266808,0.39,Suppressed,IL
400,Maine,2000,5,1274923,0.39,Suppressed,IL
401,Maine,2001,5,1285692,0.39,Suppressed,IL
402,Maine,2002,5,1295960,0.39,Suppressed,IL
403,Maine,2003,5,1306513,0.38,Suppressed,IL
404,Maine,2004,22,1313688,1.67,1.8,IL
405,Maine,2005,20,1318787,1.52,1.7,IL
406,Maine,2006,25,1323619,1.89,2.0,IL
407,Maine,2007,30,1327040,2.26,2.5,IL
408,Maine,2008,10,1330509,0.75,Unreliable,IL
409,Maine,2009,10,1329590,0.75,Unreliable,IL
410,Maine,2010,5,1328361,0.38,Suppressed,IL
411,Maine,2011,15,1328188,1.13,Unreliable,IL
412,Maine,2012,18,1329192,1.35,Unreliable,IL
413,Maine,2013,24,1328302,1.81,2.0,IL
414,Maine,2014,54,1330089,4.06,4.4,IL
415,Maine,2015,75,1329328,5.64,6.5,IL
416,Maine,2016,101,1331479,7.59,8.5,IL
417,Maine,2017,152,1335907,11.38,12.5,IL
418,Maine,2018,142,1338404,10.61,12.0,IL
419,Maine,2019,145,1344212,10.79,12.2,IL
420,Maryland,1999,147,5254509,2.8,2.6,IL
421,Maryland,2000,134,5296486,2.53,2.4,IL
422,Maryland,2001,129,5374691,2.4,2.3,IL
423,Maryland,2002,164,5440389,3.01,2.9,IL
424,Maryland,2003,197,5496269,3.58,3.5,IL
425,Maryland,2004,222,5546935,4.0,3.9,IL
426,Maryland,2005,222,5592379,3.97,3.9,IL
427,Maryland,2006,279,5627367,4.96,4.9,IL
428,Maryland,2007,260,5653408,4.6,4.5,IL
429,Maryland,2008,207,5684965,3.64,3.5,IL
430,Maryland,2009,237,5730388,4.14,4.0,IL
431,Maryland,2010,173,5773552,3.0,2.9,IL
432,Maryland,2011,180,5828289,3.09,3.0,IL
433,Maryland,2012,247,5884563,4.2,4.1,IL
434,Maryland,2013,296,5928814,4.99,4.9,IL
435,Maryland,2014,382,5976407,6.39,6.3,IL
436,Maryland,2015,502,6006401,8.36,8.2,IL
437,Maryland,2016,873,6016447,14.51,14.2,IL
438,Maryland,2017,930,6052177,15.37,15.1,IL
439,Maryland,2018,971,6042718,16.07,15.7,IL
440,Maryland,2019,886,6045680,14.66,14.4,IL
441,Massachusetts,1999,167,6317345,2.64,2.5,IL
442,Massachusetts,2000,159,6349097,2.5,2.4,IL
443,Massachusetts,2001,237,6397634,3.7,3.6,IL
444,Massachusetts,2002,224,6417206,3.49,3.4,IL
445,Massachusetts,2003,327,6422565,5.09,5.0,IL
446,Massachusetts,2004,225,6412281,3.51,3.5,IL
447,Massachusetts,2005,287,6403290,4.48,4.5,IL
448,Massachusetts,2006,352,6410084,5.49,5.4,IL
449,Massachusetts,2007,344,6431559,5.35,5.4,IL
450,Massachusetts,2008,241,6468967,3.73,3.7,IL
451,Massachusetts,2009,225,6517613,3.45,3.5,IL
452,Massachusetts,2010,243,6547629,3.71,3.7,IL
453,Massachusetts,2011,313,6587536,4.75,4.7,IL
454,Massachusetts,2012,376,6646144,5.66,5.7,IL
455,Massachusetts,2013,470,6692824,7.02,7.0,IL
456,Massachusetts,2014,654,6745408,9.7,9.9,IL
457,Massachusetts,2015,878,6794422,12.92,13.2,IL
458,Massachusetts,2016,1050,6811779,15.41,15.7,IL
459,Massachusetts,2017,1019,6859819,14.85,15.0,IL
460,Massachusetts,2018,1058,6902149,15.33,15.7,IL
461,Massachusetts,2019,1063,6892503,15.42,15.6,IL
462,Michigan,1999,125,9897116,1.26,1.2,IL
463,Michigan,2000,170,9938444,1.71,1.7,IL
464,Michigan,2001,166,9991120,1.66,1.6,IL
465,Michigan,2002,176,10015710,1.76,1.8,IL
466,Michigan,2003,197,10041152,1.96,2.0,IL
467,Michigan,2004,255,10055315,2.54,2.5,IL
468,Michigan,2005,356,10051137,3.54,3.5,IL
469,Michigan,2006,367,10036081,3.66,3.7,IL
470,Michigan,2007,261,10001284,2.61,2.6,IL
471,Michigan,2008,340,9946889,3.42,3.4,IL
472,Michigan,2009,361,9901591,3.65,3.7,IL
473,Michigan,2010,328,9883640,3.32,3.3,IL
474,Michigan,2011,381,9876187,3.86,3.9,IL
475,Michigan,2012,341,9883360,3.45,3.6,IL
476,Michigan,2013,520,9895622,5.25,5.4,IL
477,Michigan,2014,642,9909877,6.48,6.6,IL
478,Michigan,2015,819,9922576,8.25,8.5,IL
479,Michigan,2016,1032,9928300,10.39,10.8,IL
480,Michigan,2017,1220,9962311,12.25,12.8,IL
481,Michigan,2018,1220,9995915,12.2,12.6,IL
482,Michigan,2019,1023,9986857,10.24,10.6,IL
483,Minnesota,1999,22,4873481,0.45,0.4,IL
484,Minnesota,2000,15,4919479,0.3,Unreliable,IL
485,Minnesota,2001,27,4982796,0.54,0.5,IL
486,Minnesota,2002,30,5018935,0.6,0.6,IL
487,Minnesota,2003,39,5053572,0.77,0.7,IL
488,Minnesota,2004,37,5087713,0.73,0.7,IL
489,Minnesota,2005,35,5119598,0.68,0.7,IL
490,Minnesota,2006,45,5163555,0.87,0.9,IL
491,Minnesota,2007,58,5207203,1.11,1.1,IL
492,Minnesota,2008,31,5247018,0.59,0.6,IL
493,Minnesota,2009,39,5281203,0.74,0.7,IL
494,Minnesota,2010,45,5303925,0.85,0.8,IL
495,Minnesota,2011,87,5344861,1.63,1.6,IL
496,Minnesota,2012,75,5379139,1.39,1.4,IL
497,Minnesota,2013,123,5420380,2.27,2.3,IL
498,Minnesota,2014,126,5457173,2.31,2.4,IL
499,Minnesota,2015,151,5489594,2.75,2.8,IL
500,Minnesota,2016,185,5519952,3.35,3.5,IL
501,Minnesota,2017,166,5576606,2.98,3.0,IL
502,Minnesota,2018,142,5611179,2.53,2.6,IL
503,Minnesota,2019,170,5639632,3.01,3.1,IL
504,Mississippi,1999,12,2828408,0.42,Unreliable,IL
505,Mississippi,2000,5,2844658,0.18,Suppressed,IL
506,Mississippi,2001,14,2852994,0.49,Unreliable,IL
507,Mississippi,2002,14,2858681,0.49,Unreliable,IL
508,Mississippi,2003,21,2868312,0.73,0.8,IL
509,Mississippi,2004,31,2889010,1.07,1.2,IL
510,Mississippi,2005,29,2905943,1.0,1.0,IL
511,Mississippi,2006,58,2904978,2.0,2.1,IL
512,Mississippi,2007,23,2928350,0.79,0.8,IL
513,Mississippi,2008,26,2947806,0.88,0.9,IL
514,Mississippi,2009,34,2958774,1.15,1.2,IL
515,Mississippi,2010,20,2967297,0.67,0.7,IL
516,Mississippi,2011,21,2978512,0.71,0.7,IL
517,Mississippi,2012,21,2984926,0.7,0.7,IL
518,Mississippi,2013,26,2991207,0.87,0.9,IL
519,Mississippi,2014,38,2994079,1.27,1.3,IL
520,Mississippi,2015,62,2992333,2.07,2.2,IL
521,Mississippi,2016,65,2988726,2.17,2.3,IL
522,Mississippi,2017,71,2984100,2.38,2.5,IL
523,Mississippi,2018,76,2986530,2.54,2.7,IL
524,Mississippi,2019,117,2976149,3.93,4.2,IL
525,Missouri,1999,107,5561948,1.92,2.0,IL
526,Missouri,2000,105,5595211,1.88,1.9,IL
527,Missouri,2001,86,5641142,1.52,1.5,IL
528,Missouri,2002,130,5674825,2.29,2.3,IL
529,Missouri,2003,137,5709403,2.4,2.4,IL
530,Missouri,2004,148,5747741,2.57,2.7,IL
531,Missouri,2005,149,5790300,2.57,2.6,IL
532,Missouri,2006,201,5842704,3.44,3.5,IL
533,Missouri,2007,193,5887612,3.28,3.3,IL
534,Missouri,2008,197,5923916,3.33,3.3,IL
535,Missouri,2009,236,5961088,3.96,4.1,IL
536,Missouri,2010,256,5988927,4.27,4.4,IL
537,Missouri,2011,302,6010688,5.02,5.3,IL
538,Missouri,2012,253,6021988,4.2,4.4,IL
539,Missouri,2013,309,6044171,5.11,5.4,IL
540,Missouri,2014,385,6063589,6.35,6.6,IL
541,Missouri,2015,365,6083672,6.0,6.3,IL
542,Missouri,2016,476,6093000,7.81,8.2,IL
543,Missouri,2017,430,6113532,7.03,7.4,IL
544,Missouri,2018,490,6126452,8.0,8.4,IL
545,Missouri,2019,381,6137428,6.21,6.4,IL
546,Montana,1999,5,897507,0.56,Suppressed,IL
547,Montana,2000,5,902195,0.55,Suppressed,IL
548,Montana,2001,5,906961,0.55,Suppressed,IL
549,Montana,2002,5,911667,0.55,Suppressed,IL
550,Montana,2003,5,919630,0.54,Suppressed,IL
551,Montana,2004,5,930009,0.54,Suppressed,IL
552,Montana,2005,5,940102,0.53,Suppressed,IL
553,Montana,2006,5,952692,0.52,Suppressed,IL
554,Montana,2007,5,964706,0.52,Suppressed,IL
555,Montana,2008,5,976415,0.51,Suppressed,IL
556,Montana,2009,5,983982,0.51,Suppressed,IL
557,Montana,2010,5,989415,0.51,Suppressed,IL
558,Montana,2011,5,998199,0.5,Suppressed,IL
559,Montana,2012,5,1005141,0.5,Suppressed,IL
560,Montana,2013,5,1015165,0.49,Suppressed,IL
561,Montana,2014,5,1023579,0.49,Suppressed,IL
562,Montana,2015,5,1032949,0.48,Suppressed,IL
563,Montana,2016,5,1042520,0.48,Suppressed,IL
564,Montana,2017,5,1050493,0.48,Suppressed,IL
565,Montana,2018,24,1062305,2.26,2.6,IL
566,Montana,2019,30,1068778,2.81,3.2,IL
567,Nebraska,1999,5,1704764,0.29,Suppressed,IL
568,Nebraska,2000,5,1711263,0.29,Suppressed,IL
569,Nebraska,2001,5,1719836,0.29,Suppressed,IL
570,Nebraska,2002,5,1728292,0.29,Suppressed,IL
571,Nebraska,2003,5,1738643,0.29,Suppressed,IL
572,Nebraska,2004,5,1749370,0.29,Suppressed,IL
573,Nebraska,2005,5,1761497,0.28,Suppressed,IL
574,Nebraska,2006,11,1772693,0.62,Unreliable,IL
575,Nebraska,2007,5,1783440,0.28,Suppressed,IL
576,Nebraska,2008,5,1796378,0.28,Suppressed,IL
577,Nebraska,2009,5,1812683,0.28,Suppressed,IL
578,Nebraska,2010,5,1826341,0.27,Suppressed,IL
579,Nebraska,2011,11,1842641,0.6,Unreliable,IL
580,Nebraska,2012,11,1855525,0.59,Unreliable,IL
581,Nebraska,2013,5,1868516,0.27,Suppressed,IL
582,Nebraska,2014,5,1881503,0.27,Suppressed,IL
583,Nebraska,2015,12,1896190,0.63,Unreliable,IL
584,Nebraska,2016,15,1907116,0.79,Unreliable,IL
585,Nebraska,2017,10,1920076,0.52,Unreliable,IL
586,Nebraska,2018,14,1929268,0.73,Unreliable,IL
587,Nebraska,2019,21,1934408,1.09,1.2,IL
588,Nevada,1999,89,1934718,4.6,4.5,IL
589,Nevada,2000,121,1998257,6.06,5.9,IL
590,Nevada,2001,86,2098399,4.1,4.0,IL
591,Nevada,2002,106,2173791,4.88,4.8,IL
592,Nevada,2003,133,2248850,5.91,5.9,IL
593,Nevada,2004,108,2346222,4.6,4.5,IL
594,Nevada,2005,147,2432143,6.04,6.0,IL
595,Nevada,2006,128,2522658,5.07,5.0,IL
596,Nevada,2007,137,2601072,5.27,5.1,IL
597,Nevada,2008,108,2653630,4.07,3.9,IL
598,Nevada,2009,82,2684665,3.05,3.0,IL
599,Nevada,2010,73,2700551,2.7,2.7,IL
600,Nevada,2011,98,2723322,3.6,3.5,IL
601,Nevada,2012,87,2758931,3.15,3.1,IL
602,Nevada,2013,104,2790136,3.73,3.6,IL
603,Nevada,2014,99,2839099,3.49,3.3,IL
604,Nevada,2015,134,2890845,4.64,4.4,IL
605,Nevada,2016,134,2940058,4.56,4.5,IL
606,Nevada,2017,138,2998039,4.6,4.5,IL
607,Nevada,2018,161,3034392,5.31,5.2,IL
608,Nevada,2019,184,3080156,5.97,5.8,IL
609,New Hampshire,1999,5,1222014,0.41,Suppressed,IL
610,New Hampshire,2000,5,1235786,0.4,Suppressed,IL
611,New Hampshire,2001,14,1255517,1.12,Unreliable,IL
612,New Hampshire,2002,26,1269089,2.05,2.1,IL
613,New Hampshire,2003,27,1279840,2.11,2.2,IL
614,New Hampshire,2004,43,1290121,3.33,3.4,IL
615,New Hampshire,2005,40,1298492,3.08,3.1,IL
616,New Hampshire,2006,46,1308389,3.52,3.6,IL
617,New Hampshire,2007,46,1312540,3.5,3.6,IL
618,New Hampshire,2008,26,1315906,1.98,2.1,IL
619,New Hampshire,2009,44,1316102,3.34,3.6,IL
620,New Hampshire,2010,33,1316470,2.51,2.8,IL
621,New Hampshire,2011,58,1318194,4.4,4.5,IL
622,New Hampshire,2012,49,1320718,3.71,4.2,IL
623,New Hampshire,2013,88,1323459,6.65,7.0,IL
624,New Hampshire,2014,122,1326813,9.19,10.0,IL
625,New Hampshire,2015,117,1330608,8.79,9.8,IL
626,New Hampshire,2016,98,1334795,7.34,8.0,IL
627,New Hampshire,2017,74,1342795,5.51,5.9,IL
628,New Hampshire,2018,80,1356458,5.9,6.4,IL
629,New Hampshire,2019,86,1359711,6.32,7.2,IL
630,New Jersey,1999,310,8359592,3.71,3.6,IL
631,New Jersey,2000,308,8414350,3.66,3.6,IL
632,New Jersey,2001,319,8492671,3.76,3.7,IL
633,New Jersey,2002,398,8552643,4.65,4.6,IL
634,New Jersey,2003,362,8601402,4.21,4.2,IL
635,New Jersey,2004,276,8634561,3.2,3.2,IL
636,New Jersey,2005,423,8651974,4.89,4.8,IL
637,New Jersey,2006,272,8661679,3.14,3.1,IL
638,New Jersey,2007,238,8677885,2.74,2.8,IL
639,New Jersey,2008,233,8711090,2.67,2.7,IL
640,New Jersey,2009,36,8755602,0.41,0.4,IL
641,New Jersey,2010,226,8791894,2.57,2.5,IL
642,New Jersey,2011,241,8821155,2.73,2.7,IL
643,New Jersey,2012,422,8864590,4.76,4.8,IL
644,New Jersey,2013,519,8899339,5.83,5.8,IL
645,New Jersey,2014,536,8938175,6.0,6.1,IL
646,New Jersey,2015,618,8958013,6.9,7.0,IL
647,New Jersey,2016,1082,8944469,12.1,12.2,IL
648,New Jersey,2017,1404,9005644,15.59,15.6,IL
649,New Jersey,2018,1792,8908520,20.12,20.5,IL
650,New Jersey,2019,1611,8882190,18.14,18.2,IL
651,New Mexico,1999,138,1808082,7.63,7.7,IL
652,New Mexico,2000,117,1819046,6.43,6.5,IL
653,New Mexico,2001,94,1831690,5.13,5.3,IL
654,New Mexico,2002,113,1855309,6.09,6.4,IL
655,New Mexico,2003,141,1877574,7.51,7.8,IL
656,New Mexico,2004,123,1903808,6.46,6.7,IL
657,New Mexico,2005,157,1932274,8.13,8.5,IL
658,New Mexico,2006,131,1962137,6.68,6.9,IL
659,New Mexico,2007,142,1990070,7.14,7.4,IL
660,New Mexico,2008,174,2010662,8.65,9.0,IL
661,New Mexico,2009,108,2036802,5.3,5.6,IL
662,New Mexico,2010,71,2059179,3.45,3.6,IL
663,New Mexico,2011,110,2082224,5.28,5.5,IL
664,New Mexico,2012,160,2085538,7.67,8.0,IL
665,New Mexico,2013,143,2085287,6.86,7.4,IL
666,New Mexico,2014,210,2085572,10.07,10.8,IL
667,New Mexico,2015,193,2085109,9.26,9.9,IL
668,New Mexico,2016,213,2081015,10.24,10.9,IL
669,New Mexico,2017,195,2088070,9.34,9.9,IL
670,New Mexico,2018,184,2095428,8.78,9.4,IL
671,New Mexico,2019,254,2096829,12.11,12.8,IL
672,New York,1999,502,18882725,2.66,2.6,IL
673,New York,2000,400,18976457,2.11,2.1,IL
674,New York,2001,524,19082838,2.75,2.7,IL
675,New York,2002,463,19137800,2.42,2.4,IL
676,New York,2003,475,19175939,2.48,2.5,IL
677,New York,2004,469,19171567,2.45,2.4,IL
678,New York,2005,488,19132610,2.55,2.5,IL
679,New York,2006,783,19104631,4.1,4.0,IL
680,New York,2007,743,19132335,3.88,3.8,IL
681,New York,2008,663,19212436,3.45,3.4,IL
682,New York,2009,628,19307066,3.25,3.2,IL
683,New York,2010,583,19378102,3.01,2.9,IL
684,New York,2011,774,19465197,3.98,3.9,IL
685,New York,2012,933,19570261,4.77,4.6,IL
686,New York,2013,1076,19651127,5.48,5.3,IL
687,New York,2014,1184,19746227,6.0,5.9,IL
688,New York,2015,1484,19795791,7.5,7.4,IL
689,New York,2016,2028,19745289,10.27,10.1,IL
690,New York,2017,2295,19849399,11.56,11.4,IL
691,New York,2018,2219,19542209,11.35,11.1,IL
692,New York,2019,2141,19453561,11.01,10.7,IL
693,North Carolina,1999,115,7949361,1.45,1.4,IL
694,North Carolina,2000,128,8049313,1.59,1.6,IL
695,North Carolina,2001,142,8210122,1.73,1.7,IL
696,North Carolina,2002,180,8326201,2.16,2.1,IL
697,North Carolina,2003,224,8422501,2.66,2.7,IL
698,North Carolina,2004,250,8553152,2.92,2.9,IL
699,North Carolina,2005,345,8705407,3.96,4.0,IL
700,North Carolina,2006,394,8917270,4.42,4.4,IL
701,North Carolina,2007,281,9118037,3.08,3.1,IL
702,North Carolina,2008,254,9309449,2.73,2.7,IL
703,North Carolina,2009,245,9449566,2.59,2.6,IL
704,North Carolina,2010,174,9535483,1.82,1.8,IL
705,North Carolina,2011,247,9656401,2.56,2.6,IL
706,North Carolina,2012,319,9752073,3.27,3.3,IL
707,North Carolina,2013,333,9848060,3.38,3.4,IL
708,North Carolina,2014,436,9943964,4.38,4.5,IL
709,North Carolina,2015,606,10042802,6.03,6.2,IL
710,North Carolina,2016,909,10146788,8.96,9.4,IL
711,North Carolina,2017,1092,10273419,10.63,11.1,IL
712,North Carolina,2018,1143,10383620,11.01,11.4,IL
713,North Carolina,2019,1194,10488084,11.38,11.8,IL
714,North Dakota,1999,5,644259,0.78,Suppressed,IL
715,North Dakota,2000,5,642200,0.78,Suppressed,IL
716,North Dakota,2001,5,639062,0.78,Suppressed,IL
717,North Dakota,2002,5,638168,0.78,Suppressed,IL
718,North Dakota,2003,5,638817,0.78,Suppressed,IL
719,North Dakota,2004,5,644705,0.78,Suppressed,IL
720,North Dakota,2005,5,646089,0.77,Suppressed,IL
721,North Dakota,2006,5,649422,0.77,Suppressed,IL
722,North Dakota,2007,5,652822,0.77,Suppressed,IL
723,North Dakota,2008,5,657569,0.76,Suppressed,IL
724,North Dakota,2009,5,664968,0.75,Suppressed,IL
725,North Dakota,2010,5,672591,0.74,Suppressed,IL
726,North Dakota,2011,5,683932,0.73,Suppressed,IL
727,North Dakota,2012,5,699628,0.71,Suppressed,IL
728,North Dakota,2013,5,723393,0.69,Suppressed,IL
729,North Dakota,2014,5,739482,0.68,Suppressed,IL
730,North Dakota,2015,5,756927,0.66,Suppressed,IL
731,North Dakota,2016,13,757952,1.72,Unreliable,IL
732,North Dakota,2017,11,755393,1.46,Unreliable,IL
733,North Dakota,2018,5,760077,0.66,Suppressed,IL
734,North Dakota,2019,5,762062,0.66,Suppressed,IL
735,Ohio,1999,153,11335454,1.35,1.4,IL
736,Ohio,2000,187,11353140,1.65,1.7,IL
737,Ohio,2001,216,11387404,1.9,1.9,IL
738,Ohio,2002,289,11407889,2.53,2.6,IL
739,Ohio,2003,249,11434788,2.18,2.2,IL
740,Ohio,2004,388,11452251,3.39,3.4,IL
741,Ohio,2005,386,11463320,3.37,3.4,IL
742,Ohio,2006,497,11481213,4.33,4.3,IL
743,Ohio,2007,467,11500468,4.06,4.1,IL
744,Ohio,2008,492,11515391,4.27,4.3,IL
745,Ohio,2009,386,11528896,3.35,3.4,IL
746,Ohio,2010,576,11536504,4.99,5.1,IL
747,Ohio,2011,690,11544951,5.98,6.1,IL
748,Ohio,2012,929,11544225,8.05,8.4,IL
749,Ohio,2013,1233,11570808,10.66,11.1,IL
750,Ohio,2014,1490,11594163,12.85,13.5,IL
751,Ohio,2015,1833,11613423,15.78,16.7,IL
752,Ohio,2016,2257,11614373,19.43,20.4,IL
753,Ohio,2017,2299,11658609,19.72,20.8,IL
754,Ohio,2018,1689,11689442,14.45,15.1,IL
755,Ohio,2019,1685,11689100,14.42,15.0,IL
756,Oklahoma,1999,23,3437147,0.67,0.7,IL
757,Oklahoma,2000,28,3450654,0.81,0.8,IL
758,Oklahoma,2001,35,3467100,1.01,1.0,IL
759,Oklahoma,2002,34,3489080,0.97,1.0,IL
760,Oklahoma,2003,53,3504892,1.51,1.6,IL
761,Oklahoma,2004,67,3525233,1.9,2.0,IL
762,Oklahoma,2005,51,3548597,1.44,1.5,IL
763,Oklahoma,2006,51,3594090,1.42,1.5,IL
764,Oklahoma,2007,77,3634349,2.12,2.2,IL
765,Oklahoma,2008,49,3668976,1.34,1.3,IL
766,Oklahoma,2009,51,3717572,1.37,1.4,IL
767,Oklahoma,2010,50,3751351,1.33,1.3,IL
768,Oklahoma,2011,57,3791508,1.5,1.4,IL
769,Oklahoma,2012,68,3814820,1.78,1.8,IL
770,Oklahoma,2013,51,3850568,1.32,1.3,IL
771,Oklahoma,2014,49,3878051,1.26,1.2,IL
772,Oklahoma,2015,72,3911338,1.84,1.9,IL
773,Oklahoma,2016,87,3923561,2.22,2.2,IL
774,Oklahoma,2017,106,3930864,2.7,2.7,IL
775,Oklahoma,2018,125,3943079,3.17,3.2,IL
776,Oklahoma,2019,116,3956971,2.93,3.1,IL
777,Oregon,1999,154,3393941,4.54,4.5,IL
778,Oregon,2000,110,3421399,3.22,3.2,IL
779,Oregon,2001,94,3467937,2.71,2.7,IL
780,Oregon,2002,116,3513424,3.3,3.3,IL
781,Oregon,2003,101,3547376,2.85,2.8,IL
782,Oregon,2004,114,3569463,3.19,3.2,IL
783,Oregon,2005,113,3613202,3.13,3.1,IL
784,Oregon,2006,117,3670883,3.19,3.2,IL
785,Oregon,2007,147,3722417,3.95,3.9,IL
786,Oregon,2008,113,3768748,3.0,3.1,IL
787,Oregon,2009,134,3808600,3.52,3.5,IL
788,Oregon,2010,101,3831074,2.64,2.6,IL
789,Oregon,2011,152,3871859,3.93,3.9,IL
790,Oregon,2012,145,3899353,3.72,3.8,IL
791,Oregon,2013,117,3930065,2.98,3.0,IL
792,Oregon,2014,144,3970239,3.63,3.6,IL
793,Oregon,2015,122,4028977,3.03,3.0,IL
794,Oregon,2016,139,4093465,3.4,3.5,IL
795,Oregon,2017,154,4142776,3.72,3.7,IL
796,Oregon,2018,193,4190713,4.61,4.6,IL
797,Oregon,2019,205,4217737,4.86,4.9,IL
798,Pennsylvania,1999,286,12263805,2.33,2.4,IL
799,Pennsylvania,2000,254,12281054,2.07,2.1,IL
800,Pennsylvania,2001,194,12298970,1.58,1.6,IL
801,Pennsylvania,2002,269,12331031,2.18,2.2,IL
802,Pennsylvania,2003,304,12374658,2.46,2.5,IL
803,Pennsylvania,2004,302,12410722,2.43,2.5,IL
804,Pennsylvania,2005,342,12449990,2.75,2.8,IL
805,Pennsylvania,2006,301,12510809,2.41,2.5,IL
806,Pennsylvania,2007,291,12563937,2.32,2.3,IL
807,Pennsylvania,2008,361,12612285,2.86,2.9,IL
808,Pennsylvania,2009,350,12666858,2.76,2.9,IL
809,Pennsylvania,2010,323,12702379,2.54,2.6,IL
810,Pennsylvania,2011,430,12742886,3.37,3.4,IL
811,Pennsylvania,2012,474,12763536,3.71,3.8,IL
812,Pennsylvania,2013,541,12773801,4.24,4.4,IL
813,Pennsylvania,2014,659,12787209,5.15,5.4,IL
814,Pennsylvania,2015,836,12802503,6.53,6.9,IL
815,Pennsylvania,2016,1280,12784227,10.01,10.7,IL
816,Pennsylvania,2017,1357,12805537,10.6,11.3,IL
817,Pennsylvania,2018,1658,12807060,12.95,13.5,IL
818,Pennsylvania,2019,1769,12801989,13.82,14.3,IL
819,Rhode Island,1999,19,1040402,1.83,Unreliable,IL
820,Rhode Island,2000,30,1048319,2.86,2.9,IL
821,Rhode Island,2001,39,1057142,3.69,3.6,IL
822,Rhode Island,2002,41,1065995,3.85,3.9,IL
823,Rhode Island,2003,52,1071342,4.85,4.9,IL
824,Rhode Island,2004,32,1074579,2.98,3.0,IL
825,Rhode Island,2005,77,1067916,7.21,7.2,IL
826,Rhode Island,2006,84,1063096,7.9,7.9,IL
827,Rhode Island,2007,41,1057315,3.88,4.0,IL
828,Rhode Island,2008,41,1055003,3.89,3.8,IL
829,Rhode Island,2009,40,1053646,3.8,3.8,IL
830,Rhode Island,2010,50,1052567,4.75,4.8,IL
831,Rhode Island,2011,54,1051302,5.14,5.2,IL
832,Rhode Island,2012,77,1050292,7.33,7.3,IL
833,Rhode Island,2013,122,1051511,11.6,11.8,IL
834,Rhode Island,2014,114,1055173,10.8,11.3,IL
835,Rhode Island,2015,120,1056298,11.36,11.3,IL
836,Rhode Island,2016,131,1056426,12.4,12.6,IL
837,Rhode Island,2017,127,1059639,11.99,12.9,IL
838,Rhode Island,2018,149,1057315,14.09,14.5,IL
839,Rhode Island,2019,156,1059361,14.73,15.4,IL
840,South Carolina,1999,40,3974682,1.01,1.0,IL
841,South Carolina,2000,57,4012012,1.42,1.4,IL
842,South Carolina,2001,61,4064995,1.5,1.5,IL
843,South Carolina,2002,47,4107795,1.14,1.2,IL
844,South Carolina,2003,77,4150297,1.86,1.9,IL
845,South Carolina,2004,69,4210921,1.64,1.6,IL
846,South Carolina,2005,91,4270150,2.13,2.1,IL
847,South Carolina,2006,125,4357847,2.87,2.9,IL
848,South Carolina,2007,112,4444110,2.52,2.4,IL
849,South Carolina,2008,105,4528996,2.32,2.3,IL
850,South Carolina,2009,93,4589872,2.03,2.0,IL
851,South Carolina,2010,84,4625364,1.82,1.8,IL
852,South Carolina,2011,79,4679230,1.69,1.7,IL
853,South Carolina,2012,69,4723723,1.46,1.5,IL
854,South Carolina,2013,82,4774839,1.72,1.7,IL
855,South Carolina,2014,150,4832482,3.1,3.2,IL
856,South Carolina,2015,206,4896146,4.21,4.3,IL
857,South Carolina,2016,250,4961119,5.04,5.4,IL
858,South Carolina,2017,365,5024369,7.26,7.4,IL
859,South Carolina,2018,415,5084127,8.16,8.4,IL
860,South Carolina,2019,397,5148714,7.71,8.1,IL
861,South Dakota,1999,5,750412,0.67,Suppressed,IL
862,South Dakota,2000,5,754844,0.66,Suppressed,IL
863,South Dakota,2001,5,757972,0.66,Suppressed,IL
864,South Dakota,2002,5,760020,0.66,Suppressed,IL
865,South Dakota,2003,5,763729,0.65,Suppressed,IL
866,South Dakota,2004,5,770396,0.65,Suppressed,IL
867,South Dakota,2005,5,775493,0.64,Suppressed,IL
868,South Dakota,2006,5,783033,0.64,Suppressed,IL
869,South Dakota,2007,5,791623,0.63,Suppressed,IL
870,South Dakota,2008,5,799124,0.63,Suppressed,IL
871,South Dakota,2009,5,807067,0.62,Suppressed,IL
872,South Dakota,2010,5,814180,0.61,Suppressed,IL
873,South Dakota,2011,5,824082,0.61,Suppressed,IL
874,South Dakota,2012,5,833354,0.6,Suppressed,IL
875,South Dakota,2013,5,844877,0.59,Suppressed,IL
876,South Dakota,2014,5,853175,0.59,Suppressed,IL
877,South Dakota,2015,5,858469,0.58,Suppressed,IL
878,South Dakota,2016,5,865454,0.58,Suppressed,IL
879,South Dakota,2017,11,869666,1.26,Unreliable,IL
880,South Dakota,2018,11,882235,1.25,Unreliable,IL
881,South Dakota,2019,5,884659,0.57,Suppressed,IL
882,Tennessee,1999,83,5638706,1.47,1.4,IL
883,Tennessee,2000,63,5689283,1.11,1.1,IL
884,Tennessee,2001,72,5750789,1.25,1.2,IL
885,Tennessee,2002,107,5795918,1.85,1.9,IL
886,Tennessee,2003,124,5847812,2.12,2.1,IL
887,Tennessee,2004,171,5910809,2.89,2.9,IL
888,Tennessee,2005,228,5991057,3.81,3.8,IL
889,Tennessee,2006,259,6088766,4.25,4.3,IL
890,Tennessee,2007,218,6175727,3.53,3.5,IL
891,Tennessee,2008,152,6247411,2.43,2.4,IL
892,Tennessee,2009,159,6306019,2.52,2.4,IL
893,Tennessee,2010,153,6346105,2.41,2.3,IL
894,Tennessee,2011,157,6403353,2.45,2.4,IL
895,Tennessee,2012,148,6456243,2.29,2.3,IL
896,Tennessee,2013,196,6495978,3.02,3.0,IL
897,Tennessee,2014,269,6549352,4.11,4.1,IL
898,Tennessee,2015,357,6600299,5.41,5.5,IL
899,Tennessee,2016,474,6651194,7.13,7.2,IL
900,Tennessee,2017,570,6715984,8.49,8.6,IL
901,Tennessee,2018,566,6770010,8.36,8.7,IL
902,Tennessee,2019,677,6829174,9.91,10.1,IL
903,Texas,1999,390,20558220,1.9,1.9,IL
904,Texas,2000,394,20851820,1.89,1.9,IL
905,Texas,2001,507,21319622,2.38,2.4,IL
906,Texas,2002,566,21690325,2.61,2.6,IL
907,Texas,2003,659,22030931,2.99,3.0,IL
908,Texas,2004,712,22394023,3.18,3.2,IL
909,Texas,2005,720,22778123,3.16,3.2,IL
910,Texas,2006,922,23359580,3.95,4.0,IL
911,Texas,2007,816,23831983,3.42,3.4,IL
912,Texas,2008,690,24309039,2.84,2.9,IL
913,Texas,2009,737,24801761,2.97,3.0,IL
914,Texas,2010,653,25145561,2.6,2.6,IL
915,Texas,2011,810,25674681,3.15,3.1,IL
916,Texas,2012,785,26059203,3.01,3.0,IL
917,Texas,2013,770,26448193,2.91,2.9,IL
918,Texas,2014,849,26956958,3.15,3.1,IL
919,Texas,2015,1016,27469114,3.7,3.7,IL
920,Texas,2016,1129,27862596,4.05,4.0,IL
921,Texas,2017,1262,28304596,4.46,4.4,IL
922,Texas,2018,1376,28701845,4.79,4.7,IL
923,Texas,2019,1456,28995881,5.02,5.0,IL
924,Utah,1999,112,2203482,5.08,5.7,IL
925,Utah,2000,94,2233169,4.21,4.6,IL
926,Utah,2001,66,2283715,2.89,3.2,IL
927,Utah,2002,65,2324815,2.8,3.1,IL
928,Utah,2003,96,2360137,4.07,4.2,IL
929,Utah,2004,83,2401580,3.46,3.6,IL
930,Utah,2005,103,2457719,4.19,4.3,IL
931,Utah,2006,115,2525507,4.55,4.6,IL
932,Utah,2007,105,2597746,4.04,4.2,IL
933,Utah,2008,109,2663029,4.09,4.3,IL
934,Utah,2009,98,2723421,3.6,3.8,IL
935,Utah,2010,79,2763885,2.86,2.8,IL
936,Utah,2011,98,2817222,3.48,3.6,IL
937,Utah,2012,126,2855287,4.41,4.6,IL
938,Utah,2013,137,2900872,4.72,4.7,IL
939,Utah,2014,132,2942902,4.49,4.6,IL
940,Utah,2015,155,2995919,5.17,5.3,IL
941,Utah,2016,186,3051217,6.1,6.3,IL
942,Utah,2017,172,3101833,5.55,5.7,IL
943,Utah,2018,190,3161105,6.01,6.3,IL
944,Utah,2019,172,3205958,5.37,5.6,IL
945,Vermont,1999,11,604683,1.82,Unreliable,IL
946,Vermont,2000,12,608827,1.97,Unreliable,IL
947,Vermont,2001,16,612223,2.61,Unreliable,IL
948,Vermont,2002,16,615442,2.6,Unreliable,IL
949,Vermont,2003,11,617858,1.78,Unreliable,IL
950,Vermont,2004,17,619920,2.74,Unreliable,IL
951,Vermont,2005,10,621215,1.61,Unreliable,IL
952,Vermont,2006,20,622892,3.21,3.5,IL
953,Vermont,2007,14,623481,2.25,Unreliable,IL
954,Vermont,2008,15,624151,2.4,Unreliable,IL
955,Vermont,2009,5,624817,0.8,Suppressed,IL
956,Vermont,2010,5,625741,0.8,Suppressed,IL
957,Vermont,2011,20,626431,3.19,3.3,IL
958,Vermont,2012,14,626011,2.24,Unreliable,IL
959,Vermont,2013,30,626630,4.79,5.5,IL
960,Vermont,2014,42,626562,6.7,7.5,IL
961,Vermont,2015,42,626042,6.71,7.3,IL
962,Vermont,2016,53,624594,8.49,10.1,IL
963,Vermont,2017,66,623657,10.58,11.6,IL
964,Vermont,2018,94,626299,15.01,17.1,IL
965,Vermont,2019,80,623989,12.82,14.4,IL
966,Virginia,1999,134,7000174,1.91,1.8,IL
967,Virginia,2000,138,7078515,1.95,1.9,IL
968,Virginia,2001,165,7198362,2.29,2.2,IL
969,Virginia,2002,185,7286873,2.54,2.5,IL
970,Virginia,2003,187,7366977,2.54,2.5,IL
971,Virginia,2004,185,7475575,2.47,2.4,IL
972,Virginia,2005,195,7577105,2.57,2.5,IL
973,Virginia,2006,199,7673725,2.59,2.5,IL
974,Virginia,2007,215,7751000,2.77,2.7,IL
975,Virginia,2008,174,7833496,2.22,2.2,IL
976,Virginia,2009,161,7925937,2.03,2.0,IL
977,Virginia,2010,108,8001024,1.35,1.3,IL
978,Virginia,2011,191,8096604,2.36,2.4,IL
979,Virginia,2012,182,8185867,2.22,2.2,IL
980,Virginia,2013,287,8260405,3.47,3.5,IL
981,Virginia,2014,341,8326289,4.1,4.1,IL
982,Virginia,2015,472,8382993,5.63,5.7,IL
983,Virginia,2016,635,8411808,7.55,7.6,IL
984,Virginia,2017,761,8470020,8.98,9.0,IL
985,Virginia,2018,783,8517685,9.19,9.4,IL
986,Virginia,2019,783,8535519,9.17,9.3,IL
987,Washington,1999,184,5842564,3.15,3.1,IL
988,Washington,2000,211,5894121,3.58,3.5,IL
989,Washington,2001,155,5985722,2.59,2.5,IL
990,Washington,2002,202,6052349,3.34,3.3,IL
991,Washington,2003,211,6104115,3.46,3.4,IL
992,Washington,2004,222,6178645,3.59,3.4,IL
993,Washington,2005,214,6257305,3.42,3.3,IL
994,Washington,2006,263,6370753,4.13,4.0,IL
995,Washington,2007,231,6461587,3.57,3.5,IL
996,Washington,2008,186,6562231,2.83,2.7,IL
997,Washington,2009,179,6667426,2.68,2.6,IL
998,Washington,2010,131,6724540,1.95,1.9,IL
999,Washington,2011,232,6830038,3.4,3.3,IL
1000,Washington,2012,224,6897012,3.25,3.1,IL
1001,Washington,2013,277,6971406,3.97,3.9,IL
1002,Washington,2014,339,7061530,4.8,4.8,IL
1003,Washington,2015,368,7170351,5.13,5.0,IL
1004,Washington,2016,353,7288000,4.84,4.8,IL
1005,Washington,2017,402,7405743,5.43,5.3,IL
1006,Washington,2018,438,7535591,5.81,5.6,IL
1007,Washington,2019,461,7614893,6.05,5.9,IL
1008,West Virginia,1999,5,1811799,0.28,Suppressed,IL
1009,West Virginia,2000,10,1808344,0.55,Unreliable,IL
1010,West Virginia,2001,26,1801481,1.44,1.5,IL
1011,West Virginia,2002,44,1805414,2.44,2.5,IL
1012,West Virginia,2003,59,1812295,3.26,3.4,IL
1013,West Virginia,2004,70,1816438,3.85,4.0,IL
1014,West Virginia,2005,49,1820492,2.69,2.8,IL
1015,West Virginia,2006,81,1827912,4.43,4.6,IL
1016,West Virginia,2007,81,1834052,4.42,4.6,IL
1017,West Virginia,2008,92,1840310,5.0,5.4,IL
1018,West Virginia,2009,48,1847775,2.6,2.7,IL
1019,West Virginia,2010,88,1852994,4.75,5.2,IL
1020,West Virginia,2011,109,1855364,5.87,6.2,IL
1021,West Virginia,2012,122,1855413,6.58,7.1,IL
1022,West Virginia,2013,203,1854304,10.95,12.0,IL
1023,West Virginia,2014,201,1850326,10.86,11.9,IL
1024,West Virginia,2015,259,1844128,14.04,15.7,IL
1025,West Virginia,2016,350,1831102,19.11,21.6,IL
1026,West Virginia,2017,377,1815857,20.76,22.9,IL
1027,West Virginia,2018,312,1805832,17.28,18.9,IL
1028,West Virginia,2019,261,1792147,14.56,15.8,IL
1029,Wisconsin,1999,77,5332666,1.44,1.4,IL
1030,Wisconsin,2000,79,5363675,1.47,1.5,IL
1031,Wisconsin,2001,84,5406835,1.55,1.5,IL
1032,Wisconsin,2002,99,5445162,1.82,1.8,IL
1033,Wisconsin,2003,131,5479203,2.39,2.4,IL
1034,Wisconsin,2004,136,5514026,2.47,2.5,IL
1035,Wisconsin,2005,162,5546166,2.92,2.9,IL
1036,Wisconsin,2006,187,5577655,3.35,3.4,IL
1037,Wisconsin,2007,190,5610775,3.39,3.4,IL
1038,Wisconsin,2008,156,5640996,2.77,2.8,IL
1039,Wisconsin,2009,152,5669264,2.68,2.7,IL
1040,Wisconsin,2010,160,5686986,2.81,2.8,IL
1041,Wisconsin,2011,208,5711767,3.64,3.8,IL
1042,Wisconsin,2012,231,5726398,4.03,4.2,IL
1043,Wisconsin,2013,296,5742713,5.15,5.4,IL
1044,Wisconsin,2014,334,5757564,5.8,6.0,IL
1045,Wisconsin,2015,349,5771337,6.05,6.3,IL
1046,Wisconsin,2016,472,5778708,8.17,8.7,IL
1047,Wisconsin,2017,588,5795483,10.15,10.8,IL
1048,Wisconsin,2018,520,5813568,8.94,9.4,IL
1049,Wisconsin,2019,518,5822434,8.9,9.3,IL
1050,Wyoming,1999,5,491780,1.02,Suppressed,IL
1051,Wyoming,2000,5,493782,1.01,Suppressed,IL
1052,Wyoming,2001,5,494657,1.01,Suppressed,IL
1053,Wyoming,2002,5,500017,1.0,Suppressed,IL
1054,Wyoming,2003,5,503453,0.99,Suppressed,IL
1055,Wyoming,2004,5,509106,0.98,Suppressed,IL
1056,Wyoming,2005,5,514157,0.97,Suppressed,IL
1057,Wyoming,2006,5,522667,0.96,Suppressed,IL
1058,Wyoming,2007,10,534876,1.87,Unreliable,IL
1059,Wyoming,2008,5,546043,0.92,Suppressed,IL
1060,Wyoming,2009,5,559851,0.89,Suppressed,IL
1061,Wyoming,2010,5,563626,0.89,Suppressed,IL
1062,Wyoming,2011,5,568158,0.88,Suppressed,IL
1063,Wyoming,2012,5,576412,0.87,Suppressed,IL
1064,Wyoming,2013,5,582658,0.86,Suppressed,IL
1065,Wyoming,2014,11,584153,1.88,Unreliable,IL
1066,Wyoming,2015,5,586107,0.85,Suppressed,IL
1067,Wyoming,2016,10,585501,1.71,Unreliable,IL
1068,Wyoming,2017,5,579315,0.86,Suppressed,IL
1069,Wyoming,2018,5,577737,0.87,Suppressed,IL
1070,Wyoming,2019,15,578759,2.59,Unreliable,IL
